{
"type": "FeatureCollection",
"name": "contours_sites",
"crs": { "type": "name", "properties": { "name": "urn:ogc:def:crs:OGC:1.3:CRS84" } },
"features": [
{ "type": "Feature", "properties": { "feature_ro": "site_contour", "site_id": 39.0, "site_code": "g2m-0039", "site_name": "LYCEE MODERNE 3 AGBOVILLE", "region": "AGNEBY-TIASSA", "ministere": "MENAET", "localite": "AGBOVILLE", "format": "A4-paysage", "echelle": 1750, "equipe": "EQUIPE 3", "basemap": "default", "echelle_A3": 1000 }, "geometry": { "type": "MultiPolygon", "coordinates": [ [ [ [ -4.206157793534977, 5.934660911258521 ], [ -4.206088402737222, 5.934636128830752 ], [ -4.205748526689362, 5.933455183327818 ], [ -4.20587650245123, 5.932672102635309 ], [ -4.205810839546197, 5.932475101129208 ], [ -4.207436566807912, 5.931959626631591 ], [ -4.207622435016187, 5.932809663904104 ], [ -4.207800868496131, 5.932755142563007 ], [ -4.208154018091853, 5.934042589685657 ], [ -4.207903715571375, 5.934111980483414 ], [ -4.207313893790448, 5.934263153292812 ], [ -4.206768680379507, 5.934439108529978 ], [ -4.206157793534977, 5.934660911258521 ] ] ] ] } },
{ "type": "Feature", "properties": { "feature_ro": "site_contour", "site_id": 40.0, "site_code": "g2m-0040", "site_name": "LYCEE MODERNE ERNEST BOKA (AGBOVILLE)", "region": "AGNEBY-TIASSA", "ministere": "MENAET", "localite": "AGBOVILLE", "format": "A4-paysage", "echelle": 2850, "equipe": "EQUIPE 3", "basemap": "default", "echelle_A3": 1000 }, "geometry": { "type": "MultiPolygon", "coordinates": [ [ [ [ -4.20128345489502, 5.937550128881769 ], [ -4.20304834842682, 5.938510292976411 ], [ -4.203869104385377, 5.93897438028152 ], [ -4.202867109270197, 5.940420085782568 ], [ -4.202663447762279, 5.940689129548853 ], [ -4.20166304504807, 5.94212402948616 ], [ -4.2011880707224, 5.941904157984522 ], [ -4.200399369806483, 5.941342272870295 ], [ -4.199887120758004, 5.940950165652285 ], [ -4.199610668890586, 5.940723794347751 ], [ -4.199173537144306, 5.94030023424087 ], [ -4.200170871157101, 5.938976436138544 ], [ -4.200944687295767, 5.937860025502042 ], [ -4.20128345489502, 5.937550128881769 ] ] ] ] } },
{ "type": "Feature", "properties": { "feature_ro": "site_contour", "site_id": 36.0, "site_code": "g2m-0036", "site_name": "LYCÉE MODERNE BAD N'DOUCI", "region": "AGNEBY-TIASSA", "ministere": "MENAET", "localite": "NDOUCI", "format": "A4-paysage", "echelle": 2000, "equipe": "EQUIPE X", "basemap": "default", "echelle_A3": 1000 }, "geometry": { "type": "MultiPolygon", "coordinates": [ [ [ [ -4.769979019865745, 5.871465186662844 ], [ -4.769817801193953, 5.871881156474307 ], [ -4.769299287087381, 5.872067543914044 ], [ -4.767839604518465, 5.872583172555843 ], [ -4.767225230661097, 5.872825948327979 ], [ -4.766497568007344, 5.871396053224919 ], [ -4.766854863442123, 5.870967082596153 ], [ -4.76689843605612, 5.870941084449398 ], [ -4.767669671323869, 5.870667897882833 ], [ -4.76870234227562, 5.870308256551734 ], [ -4.769543293725777, 5.871057870148182 ], [ -4.769979019865745, 5.871465186662844 ] ] ] ] } },
{ "type": "Feature", "properties": { "feature_ro": "site_contour", "site_id": 212.0, "site_code": "g2m-0212", "site_name": "TPI DE TOUBA", "region": "BAFING", "ministere": "MJDH", "localite": "TOUBA", "format": "A4-paysage", "echelle": 800, "equipe": "EQUIPE 2", "basemap": "default", "echelle_A3": 1000 }, "geometry": { "type": "MultiPolygon", "coordinates": [ [ [ [ -7.688272968787332, 8.286423873505981 ], [ -7.687683039308252, 8.286611792860045 ], [ -7.687193934140139, 8.286771395599114 ], [ -7.687029611965238, 8.286249254380175 ], [ -7.687441060961921, 8.28603559264884 ], [ -7.688053729540925, 8.285731832597065 ], [ -7.688272968787332, 8.286423873505981 ] ] ] ] } },
{ "type": "Feature", "properties": { "feature_ro": "site_contour", "site_id": 177.0, "site_code": "g2m-0177", "site_name": "LYCEE MODERNE ZIGUITIER DE KOUTO", "region": "BAGOUE", "ministere": "MENAET", "localite": "KOUTO", "format": "A4-paysage", "echelle": 2500, "equipe": "EQUIPE 3", "basemap": "default", "echelle_A3": 1000 }, "geometry": { "type": "MultiPolygon", "coordinates": [ [ [ [ -6.400717124973222, 9.892445121966549 ], [ -6.399938268899301, 9.892201828182813 ], [ -6.398656368255616, 9.891765308290875 ], [ -6.399192589250437, 9.889590369582015 ], [ -6.399401126779356, 9.888711984232927 ], [ -6.402003765106201, 9.889102672828653 ], [ -6.40129692249681, 9.89092374590329 ], [ -6.400717124973222, 9.892445121966549 ] ] ] ] } },
{ "type": "Feature", "properties": { "feature_ro": "site_contour", "site_id": 175.0, "site_code": "g2m-0175", "site_name": "LYCEE MODERNE TENGRELA", "region": "BAGOUE", "ministere": "MENAET", "localite": "TENGRELA", "format": "A4-paysage", "echelle": 3000, "equipe": "EQUIPE 3", "basemap": "default", "echelle_A3": 1000 }, "geometry": { "type": "MultiPolygon", "coordinates": [ [ [ [ -6.413344144821168, 10.504130028895952 ], [ -6.411026716232301, 10.504267122649502 ], [ -6.410640478134155, 10.501683422451421 ], [ -6.41054391860962, 10.499922275652281 ], [ -6.410546325508521, 10.499850688572646 ], [ -6.413778145852322, 10.499612063775389 ], [ -6.4141498810562, 10.500648588900882 ], [ -6.414695978164674, 10.502410971327478 ], [ -6.414674520492555, 10.502706251748215 ], [ -6.413408517837525, 10.503149171850387 ], [ -6.413365602493287, 10.503982281751144 ], [ -6.413344144821168, 10.504130028895952 ] ] ] ] } },
{ "type": "Feature", "properties": { "feature_ro": "site_contour", "site_id": 185.0, "site_code": "g2m-0185", "site_name": "TPI DE BOUNDIALI", "region": "BAGOUE", "ministere": "MJDH", "localite": "BOUNDIALI", "format": "A4-paysage", "echelle": 800, "equipe": "EQUIPE 3", "basemap": "default", "echelle_A3": 1000 }, "geometry": { "type": "MultiPolygon", "coordinates": [ [ [ [ -6.480986833606928, 9.518211080624612 ], [ -6.480491797284857, 9.518369257910955 ], [ -6.480353148058557, 9.517961121456072 ], [ -6.480851113589635, 9.517800014960722 ], [ -6.480986833606928, 9.518211080624612 ] ] ] ] } },
{ "type": "Feature", "properties": { "feature_ro": "site_contour", "site_id": 182.0, "site_code": "g2m-0182", "site_name": "BOUNDIALI", "region": "BAGOUE", "ministere": "MSHPCMU", "localite": "BOUNDIALI", "format": "A4-paysage", "echelle": 1350, "equipe": "EQUIPE 3", "basemap": "default", "echelle_A3": 1000 }, "geometry": { "type": "MultiPolygon", "coordinates": [ [ [ [ -6.484152562835738, 9.519178124490981 ], [ -6.483723278572021, 9.519386487817632 ], [ -6.481768384078698, 9.518852556538683 ], [ -6.481590065999915, 9.518233976574725 ], [ -6.483611004226121, 9.517569815787937 ], [ -6.484152562835738, 9.519178124490981 ] ] ] ] } },
{ "type": "Feature", "properties": { "feature_ro": "site_contour", "site_id": 29.0, "site_code": "g2m-0029", "site_name": "Centre de Perfonctionnement des Fonctionnaires et Agent de l'Etat (CPFAE) Abidjan", "region": "DISTRICT D'ABIDJAN", "ministere": "MEMFPMA", "localite": "PLATEAU", "format": "A4-paysage", "echelle": 750, "equipe": "EQUIPE 6", "basemap": "default", "echelle_A3": 1000 }, "geometry": { "type": "MultiPolygon", "coordinates": [ [ [ [ -4.019115394415614, 5.342515859903116 ], [ -4.019040310377827, 5.342833554780927 ], [ -4.018839192419439, 5.342814866851483 ], [ -4.018525448404352, 5.342780160695349 ], [ -4.018278743708739, 5.34271875749114 ], [ -4.018329693591531, 5.342067349206944 ], [ -4.019034947232258, 5.342152779841064 ], [ -4.019107349697283, 5.342387714023442 ], [ -4.019115394415614, 5.342515859903116 ] ] ] ] } },
{ "type": "Feature", "properties": { "feature_ro": "site_contour", "site_id": 8.0, "site_code": "g2m-0008", "site_name": "LYCEE MODERNE 1 NANGUI ABROGOUA ADJAME", "region": "DISTRICT D'ABIDJAN", "ministere": "MENAET", "localite": "ADJAME", "format": "A4-paysage", "echelle": 1800, "equipe": "EQUIPE 2", "basemap": "default", "echelle_A3": 1000 }, "geometry": { "type": "MultiPolygon", "coordinates": [ [ [ [ -4.025548863582813, 5.348232780279912 ], [ -4.025037084931536, 5.348213902786865 ], [ -4.024021109534964, 5.348149719306277 ], [ -4.02403627334687, 5.347753291776841 ], [ -4.024096928594415, 5.346749007553238 ], [ -4.024896819671589, 5.346794313643943 ], [ -4.025624682642264, 5.346847170745519 ], [ -4.025548863582813, 5.348232780279912 ] ] ] ] } },
{ "type": "Feature", "properties": { "feature_ro": "site_contour", "site_id": 9.0, "site_code": "g2m-0009", "site_name": "LYCEE MODERNE 2 NANGUI ABROGOUA", "region": "DISTRICT D'ABIDJAN", "ministere": "MENAET", "localite": "ADJAME", "format": "A4-paysage", "echelle": 1800, "equipe": "EQUIPE 6", "basemap": "default", "echelle_A3": 1000 }, "geometry": { "type": "MultiPolygon", "coordinates": [ [ [ [ -4.025552654535785, 5.348232780279912 ], [ -4.025059830649385, 5.348225229282754 ], [ -4.024021109534964, 5.348149719306277 ], [ -4.024040064299801, 5.34763247571686 ], [ -4.024081764782528, 5.346756558568601 ], [ -4.025636055501178, 5.346850946252585 ], [ -4.025552654535785, 5.348232780279912 ] ] ] ] } },
{ "type": "Feature", "properties": { "feature_ro": "site_contour", "site_id": 2.0, "site_code": "g2m-0002", "site_name": "COLLEGE MODERNE COCODY CITE DES ARTS", "region": "DISTRICT D'ABIDJAN", "ministere": "MENAET", "localite": "COCODY", "format": "A4-paysage", "echelle": 1000, "equipe": "EQUIPE 1", "basemap": "default", "echelle_A3": 1000 }, "geometry": { "type": "MultiPolygon", "coordinates": [ [ [ [ -3.999463784566511, 5.347440141453683 ], [ -3.998793059657498, 5.347362720610462 ], [ -3.99881720575422, 5.34713312770741 ], [ -3.998755499062583, 5.347117109594686 ], [ -3.998715255568047, 5.346916883150208 ], [ -3.998768913560756, 5.346500411935939 ], [ -3.998790376757855, 5.346447018170021 ], [ -3.999238420997084, 5.346511090688561 ], [ -3.999241103896728, 5.346548466321273 ], [ -3.999463784566511, 5.34658317226389 ], [ -3.999428906871239, 5.346938240640731 ], [ -3.999498662261783, 5.346951589071935 ], [ -3.999493296462518, 5.347031679653049 ], [ -3.99951744255924, 5.347037019024754 ], [ -3.999463784566511, 5.347440141453683 ] ] ] ] } },
{ "type": "Feature", "properties": { "feature_ro": "site_contour", "site_id": 10.0, "site_code": "g2m-0010", "site_name": "LYCEE SAINTE MARIE COCODY", "region": "DISTRICT D'ABIDJAN", "ministere": "MENAET", "localite": "COCODY", "format": "A4-paysage", "echelle": 2500, "equipe": "EQUIPE 1", "basemap": "default", "echelle_A3": 1000 }, "geometry": { "type": "MultiPolygon", "coordinates": [ [ [ [ -3.993752926901747, 5.332994368271573 ], [ -3.994509617860997, 5.331541656273794 ], [ -3.996730703780403, 5.331798022373901 ], [ -3.996375005276391, 5.334655861131398 ], [ -3.996085252115686, 5.334626493993215 ], [ -3.996039642821885, 5.33489346792507 ], [ -3.993880368568546, 5.33467201498115 ], [ -3.993752926901747, 5.332994368271573 ] ] ] ] } },
{ "type": "Feature", "properties": { "feature_ro": "site_contour", "site_id": 4.0, "site_code": "g2m-0004", "site_name": "COLLEGE MODERNE DE M'POUTO", "region": "DISTRICT D'ABIDJAN", "ministere": "MENAET", "localite": "M'POUTO", "format": "A4-paysage", "echelle": 1800, "equipe": "EQUIPE 1", "basemap": "default", "echelle_A3": 1000 }, "geometry": { "type": "MultiPolygon", "coordinates": [ [ [ [ -3.958053822753745, 5.325624479185598 ], [ -3.957973402837658, 5.325776656571688 ], [ -3.957817924333248, 5.326097029892925 ], [ -3.957324682181286, 5.325846070805456 ], [ -3.957555219274041, 5.32537885946542 ], [ -3.957775033711334, 5.325224012200068 ], [ -3.958053822753745, 5.325624479185598 ] ] ] ] } },
{ "type": "Feature", "properties": { "feature_ro": "site_contour", "site_id": 11.0, "site_code": "g2m-0011", "site_name": "COLLEGE MODERNE DE BIETRY", "region": "DISTRICT D'ABIDJAN", "ministere": "MENAET", "localite": "MARCORY", "format": "A4-paysage", "echelle": 1800, "equipe": "EQUIPE 4", "basemap": "default", "echelle_A3": 1000 }, "geometry": { "type": "MultiPolygon", "coordinates": [ [ [ [ -3.977507179442719, 5.278507249331088 ], [ -3.977032306207125, 5.27934295338163 ], [ -3.976396458993364, 5.278990516028004 ], [ -3.97686328353005, 5.278149471533858 ], [ -3.977507179442719, 5.278507249331088 ] ] ] ] } },
{ "type": "Feature", "properties": { "feature_ro": "site_contour", "site_id": 1.0, "site_code": "g2m-0001", "site_name": "C.N.P.T.E ABIDJAN", "region": "DISTRICT D'ABIDJAN", "ministere": "MENAET", "localite": "PLATEAU", "format": "A4-paysage", "echelle": 1800, "equipe": "EQUIPE 2", "basemap": "default", "echelle_A3": 1000 }, "geometry": { "type": "MultiPolygon", "coordinates": [ [ [ [ -4.015623018047557, 5.34835765947065 ], [ -4.015249208165328, 5.348363382055163 ], [ -4.014958786641439, 5.347768232980848 ], [ -4.014918530192565, 5.347659503760528 ], [ -4.014912779271305, 5.347662365056054 ], [ -4.014915654731955, 5.3476366133959 ], [ -4.015654648114522, 5.34763947469154 ], [ -4.015637395350725, 5.347896991243096 ], [ -4.015637395350725, 5.348329046547348 ], [ -4.015623018047557, 5.34835765947065 ] ] ] ] } },
{ "type": "Feature", "properties": { "feature_ro": "site_contour", "site_id": 5.0, "site_code": "g2m-0005", "site_name": "COLLEGE MODERNE DU PLATEAU", "region": "DISTRICT D'ABIDJAN", "ministere": "MENAET", "localite": "PLATEAU", "format": "A4-paysage", "echelle": 1800, "equipe": "EQUIPE 6", "basemap": "default", "echelle_A3": 1000 }, "geometry": { "type": "MultiPolygon", "coordinates": [ [ [ [ -4.021748952089071, 5.323065990954717 ], [ -4.020750913424439, 5.323076670115213 ], [ -4.020783108220068, 5.322040790684812 ], [ -4.021748952089071, 5.322056809452159 ], [ -4.021748952089071, 5.323065990954717 ] ] ] ] } },
{ "type": "Feature", "properties": { "feature_ro": "site_contour", "site_id": 12.0, "site_code": "g2m-0012", "site_name": "COLLEGE MODERNE DE PORT-BOUET AEROPORT", "region": "DISTRICT D'ABIDJAN", "ministere": "MENAET", "localite": "PORT-BOUET", "format": "A4-paysage", "echelle": 1800, "equipe": "EQUIPE 4", "basemap": "default", "echelle_A3": 1000 }, "geometry": { "type": "MultiPolygon", "coordinates": [ [ [ [ -3.942150365126796, 5.256835869052683 ], [ -3.940664038728396, 5.256221751292292 ], [ -3.941511835013392, 5.25417646777619 ], [ -3.94161915099885, 5.254160447252159 ], [ -3.942150365126796, 5.256835869052683 ] ] ] ] } },
{ "type": "Feature", "properties": { "feature_ro": "site_contour", "site_id": 33.0, "site_code": "g2m-0033", "site_name": "TPI DE : Abobo", "region": "DISTRICT D'ABIDJAN", "ministere": "MJDH", "localite": "ABOBO", "format": "A4-paysage", "echelle": 1800, "equipe": "EQUIPE 5", "basemap": "default", "echelle_A3": 1000 }, "geometry": { "type": "MultiPolygon", "coordinates": [ [ [ [ -4.020594477881339, 5.44581752399341 ], [ -4.019403054969091, 5.445833682519087 ], [ -4.019403054969091, 5.445833682519087 ], [ -4.01938431818077, 5.444950097625801 ], [ -4.020012116695624, 5.444934082095966 ], [ -4.020009433795982, 5.444688510585084 ], [ -4.020575341223341, 5.44468311246861 ], [ -4.020594477881339, 5.44581752399341 ] ] ] ] } },
{ "type": "Feature", "properties": { "feature_ro": "site_contour", "site_id": 35.0, "site_code": "g2m-0035", "site_name": "TPI DE : Bingerville", "region": "DISTRICT D'ABIDJAN", "ministere": "MJDH", "localite": "BINGERVILLE", "format": "A4-paysage", "echelle": 1800, "equipe": "EQUIPE 3", "basemap": "default", "echelle_A3": 1000 }, "geometry": { "type": "MultiPolygon", "coordinates": [ [ [ [ -3.851730032032775, 5.346932945552754 ], [ -3.850831722658288, 5.346844845898745 ], [ -3.850963117163804, 5.345189637921596 ], [ -3.851392160447145, 5.34522701363498 ], [ -3.851858745017785, 5.345283077200762 ], [ -3.851730032032775, 5.346932945552754 ] ] ] ] } },
{ "type": "Feature", "properties": { "feature_ro": "site_contour", "site_id": 32.0, "site_code": "g2m-0032", "site_name": "TPI DE :  Plateau", "region": "DISTRICT D'ABIDJAN", "ministere": "MJDH", "localite": "PLATEAU", "format": "A4-paysage", "echelle": 1800, "equipe": "EQUIPE 6", "basemap": "default", "echelle_A3": 1000 }, "geometry": { "type": "MultiPolygon", "coordinates": [ [ [ [ -4.020190870145425, 5.331677346092687 ], [ -4.020013221813691, 5.331678403523233 ], [ -4.020011106952599, 5.331724930467258 ], [ -4.019893732161989, 5.331728102758896 ], [ -4.019893732161989, 5.331686862967601 ], [ -4.019853728239494, 5.33168156066868 ], [ -4.0197947044475, 5.331737625473021 ], [ -4.019698120060611, 5.331737625473021 ], [ -4.019657876566074, 5.331692239679448 ], [ -4.019671291064246, 5.33070976991353 ], [ -4.019649823723442, 5.330707094195062 ], [ -4.01964787956004, 5.330580790616453 ], [ -4.020569430280903, 5.330593479783007 ], [ -4.020567315419811, 5.331524018663512 ], [ -4.020569430280903, 5.331678403523233 ], [ -4.020190870145425, 5.331677346092687 ] ] ] ] } },
{ "type": "Feature", "properties": { "feature_ro": "site_contour", "site_id": 34.0, "site_code": "g2m-0034", "site_name": "TPI DE : Yopougon", "region": "DISTRICT D'ABIDJAN", "ministere": "MJDH", "localite": "YOPOUGON", "format": "A4-paysage", "echelle": 1800, "equipe": "EQUIPE 6", "basemap": "default", "echelle_A3": 1000 }, "geometry": { "type": "MultiPolygon", "coordinates": [ [ [ [ -4.076786339608132, 5.326844662378273 ], [ -4.076292686075081, 5.326724522548528 ], [ -4.07638927046199, 5.326382791348868 ], [ -4.076359758565983, 5.325784761292221 ], [ -4.07705731247138, 5.325728695944564 ], [ -4.076786339608132, 5.326844662378273 ] ] ] ] } },
{ "type": "Feature", "properties": { "feature_ro": "site_contour", "site_id": 13.0, "site_code": "g2m-0013", "site_name": "Centre Hopsitalier Regional Public Houphouet Boigny d'Abobo", "region": "DISTRICT D'ABIDJAN", "ministere": "MSHPCMU", "localite": "ABOBO", "format": "A4-paysage", "echelle": 1800, "equipe": "EQUIPE 5", "basemap": "default", "echelle_A3": 1000 }, "geometry": { "type": "MultiPolygon", "coordinates": [ [ [ [ -4.025293534038886, 5.349418717395239 ], [ -4.023995010615018, 5.349354645181091 ], [ -4.023930621023739, 5.349290572960249 ], [ -4.023962815819389, 5.349060980780392 ], [ -4.024032571209913, 5.349060980780392 ], [ -4.024027205410648, 5.348430936681545 ], [ -4.024628174929138, 5.348468312197022 ], [ -4.024644272326952, 5.348270755875018 ], [ -4.025068170469459, 5.348292113318316 ], [ -4.025068170469459, 5.34845763347856 ], [ -4.025336460433065, 5.34847899091532 ], [ -4.025293534038886, 5.349418717395239 ] ] ] ] } },
{ "type": "Feature", "properties": { "feature_ro": "site_contour", "site_id": 17.0, "site_code": "g2m-0017", "site_name": "Hopital General Public de Adjame", "region": "DISTRICT D'ABIDJAN", "ministere": "MSHPCMU", "localite": "ADJAME", "format": "A4-paysage", "echelle": 1800, "equipe": "EQUIPE 2", "basemap": "default", "echelle_A3": 1000 }, "geometry": { "type": "MultiPolygon", "coordinates": [ [ [ [ -4.025294443229908, 5.349424896293462 ], [ -4.023986507347788, 5.349336580964233 ], [ -4.023927851592875, 5.349294460785053 ], [ -4.023944366777354, 5.349054527500145 ], [ -4.024036851810507, 5.349061101016071 ], [ -4.024040154847411, 5.34866011641641 ], [ -4.024023639662931, 5.348416896121441 ], [ -4.02461818630465, 5.348459624018072 ], [ -4.024638004526055, 5.348259131554062 ], [ -4.025067399322853, 5.348285425651443 ], [ -4.025060793249065, 5.348439903450764 ], [ -4.025331642274753, 5.348476057823695 ], [ -4.025298611905752, 5.349386489965251 ], [ -4.025294443229908, 5.349424896293462 ] ] ] ] } },
{ "type": "Feature", "properties": { "feature_ro": "site_contour", "site_id": 14.0, "site_code": "g2m-0014", "site_name": "Hopital General Public de Anyama", "region": "DISTRICT D'ABIDJAN", "ministere": "MSHPCMU", "localite": "ANYAMA", "format": "A4-paysage", "echelle": 1800, "equipe": "EQUIPE 5", "basemap": "default", "echelle_A3": 1000 }, "geometry": { "type": "MultiPolygon", "coordinates": [ [ [ [ -4.046278252689159, 5.499904382446739 ], [ -4.046351215396835, 5.500267081124028 ], [ -4.0464537861598, 5.500808485563594 ], [ -4.046643066227539, 5.501982233469687 ], [ -4.045890175678764, 5.502089033954835 ], [ -4.044928971312424, 5.502058368469001 ], [ -4.044944832770614, 5.501592041598203 ], [ -4.044957521937166, 5.501173299101975 ], [ -4.044971268534264, 5.499984747168235 ], [ -4.045375207002847, 5.500002723487517 ], [ -4.046278252689159, 5.499904382446739 ] ] ] ] } },
{ "type": "Feature", "properties": { "feature_ro": "site_contour", "site_id": 18.0, "site_code": "g2m-0018", "site_name": "Chs-Psc Public de Bingerville", "region": "DISTRICT D'ABIDJAN", "ministere": "MSHPCMU", "localite": "BINGERVILLE", "format": "A4-paysage", "echelle": 1800, "equipe": "EQUIPE 3", "basemap": "default", "echelle_A3": 1000 }, "geometry": { "type": "MultiPolygon", "coordinates": [ [ [ [ -3.884132864004204, 5.359504084663651 ], [ -3.88399772417114, 5.359504084663651 ], [ -3.883977703455136, 5.359728261498466 ], [ -3.883992718992149, 5.360485480420946 ], [ -3.883692408252013, 5.360739547085843 ], [ -3.882981672833715, 5.361083284170136 ], [ -3.882351020279436, 5.361108192646962 ], [ -3.882265932236385, 5.360983650252539 ], [ -3.882260927057393, 5.360938814984369 ], [ -3.882491165291491, 5.359688407844967 ], [ -3.88260628440855, 5.359643572481635 ], [ -3.882680161784647, 5.359518235481271 ], [ -3.88294206228963, 5.359504145082371 ], [ -3.882984532641805, 5.359528803280204 ], [ -3.883129639678351, 5.359539371078947 ], [ -3.883331373851118, 5.35946891908376 ], [ -3.883702989432545, 5.359081432965018 ], [ -3.884172905436234, 5.359105539919457 ], [ -3.884132864004204, 5.359504084663651 ] ] ] ] } },
{ "type": "Feature", "properties": { "feature_ro": "site_contour", "site_id": 19.0, "site_code": "g2m-0019", "site_name": "Hopital General Public de Bingerville", "region": "DISTRICT D'ABIDJAN", "ministere": "MSHPCMU", "localite": "BINGERVILLE", "format": "A4-paysage", "echelle": 1800, "equipe": "EQUIPE 1", "basemap": "default", "echelle_A3": 1000 }, "geometry": { "type": "MultiPolygon", "coordinates": [ [ [ [ -3.884711825296713, 5.359555513863893 ], [ -3.886047037457528, 5.35965745042821 ], [ -3.885785937309266, 5.36100844126858 ], [ -3.884536027908326, 5.36089631701543 ], [ -3.884696960449219, 5.359689645178661 ], [ -3.884711825296713, 5.359555513863893 ] ] ] ] } },
{ "type": "Feature", "properties": { "feature_ro": "site_contour", "site_id": 20.0, "site_code": "g2m-0020", "site_name": "Hopital General Public de Koumassi", "region": "DISTRICT D'ABIDJAN", "ministere": "MSHPCMU", "localite": "KOUMASSI", "format": "A4-paysage", "echelle": 1800, "equipe": "EQUIPE 4", "basemap": "default", "echelle_A3": 1000 }, "geometry": { "type": "MultiPolygon", "coordinates": [ [ [ [ -3.970015789001516, 5.287726732005085 ], [ -3.969125066322322, 5.287932317586876 ], [ -3.968856776358716, 5.286845650167049 ], [ -3.969884326919336, 5.286597345058956 ], [ -3.970093593090946, 5.287280851352859 ], [ -3.970015789001516, 5.287726732005085 ] ] ] ] } },
{ "type": "Feature", "properties": { "feature_ro": "site_contour", "site_id": 24.0, "site_code": "g2m-0024", "site_name": "Hôpital Général Public de Marcory-Centre", "region": "DISTRICT D'ABIDJAN", "ministere": "MSHPCMU", "localite": "MARCORY", "format": "A4-paysage", "echelle": 1800, "equipe": "EQUIPE 4", "basemap": "default", "echelle_A3": 1000 }, "geometry": { "type": "MultiPolygon", "coordinates": [ [ [ [ -3.983287114727288, 5.301433459177716 ], [ -3.98256809762481, 5.301040986123642 ], [ -3.983170323646722, 5.29994342283891 ], [ -3.983794211073981, 5.300285220673101 ], [ -3.983633237095814, 5.300576238487787 ], [ -3.98373787018163, 5.300632306124412 ], [ -3.983287114727288, 5.301433459177716 ] ] ] ] } },
{ "type": "Feature", "properties": { "feature_ro": "site_contour", "site_id": 21.0, "site_code": "g2m-0021", "site_name": "Hopital General Public de Port-Bouet", "region": "DISTRICT D'ABIDJAN", "ministere": "MSHPCMU", "localite": "PORT-BOUET", "format": "A4-paysage", "echelle": 1800, "equipe": "EQUIPE 4", "basemap": "default", "echelle_A3": 1000 }, "geometry": { "type": "MultiPolygon", "coordinates": [ [ [ [ -3.962755034004535, 5.264143014054463 ], [ -3.962041382701323, 5.263982811360846 ], [ -3.961435047383569, 5.263753187427997 ], [ -3.961059460081289, 5.263550444420567 ], [ -3.960930680898751, 5.263456992765239 ], [ -3.960842145210771, 5.263288779750284 ], [ -3.960952235257849, 5.262904193034248 ], [ -3.961215159422189, 5.262311441681027 ], [ -3.961486121235496, 5.261961447521966 ], [ -3.961842946887082, 5.261627690693071 ], [ -3.963334346261361, 5.261958807279075 ], [ -3.963052636274603, 5.263125779878108 ], [ -3.962770958056432, 5.264108786380874 ], [ -3.962755034004535, 5.264143014054463 ] ] ] ] } },
{ "type": "Feature", "properties": { "feature_ro": "site_contour", "site_id": 23.0, "site_code": "g2m-0023", "site_name": "Centre National de Transfusion Sanguine de Treichville", "region": "DISTRICT D'ABIDJAN", "ministere": "MSHPCMU", "localite": "TREICHVILLE", "format": "A4-paysage", "echelle": 1800, "equipe": "EQUIPE 6", "basemap": "default", "echelle_A3": 1000 }, "geometry": { "type": "MultiPolygon", "coordinates": [ [ [ [ -3.996912937493722, 5.291842468425537 ], [ -3.99630928507559, 5.291546106645508 ], [ -3.996510502548294, 5.291100228745022 ], [ -3.996548063143209, 5.291116248315865 ], [ -3.996631233031925, 5.29108687910232 ], [ -3.997154398460963, 5.291343192191741 ], [ -3.996912937493722, 5.291842468425537 ] ] ] ] } },
{ "type": "Feature", "properties": { "feature_ro": "site_contour", "site_id": 22.0, "site_code": "g2m-0022", "site_name": "Chu Public de Treichville", "region": "DISTRICT D'ABIDJAN", "ministere": "MSHPCMU", "localite": "TREICHVILLE", "format": "A4-paysage", "echelle": 1800, "equipe": "EQUIPE 3", "basemap": "default", "echelle_A3": 1000 }, "geometry": { "type": "MultiPolygon", "coordinates": [ [ [ [ -4.003658336115008, 5.294735016310288 ], [ -4.003175414180506, 5.29484181281381 ], [ -4.002885661019802, 5.294777734913911 ], [ -4.000632025325482, 5.293709768937959 ], [ -4.00067495171966, 5.290772852994742 ], [ -4.002842972199324, 5.288230536208773 ], [ -4.005010755105306, 5.288315974311395 ], [ -4.00647025250734, 5.290046093351817 ], [ -4.006437579801818, 5.293987184759214 ], [ -4.006426900690483, 5.294147774889949 ], [ -4.006375845507002, 5.294254403417831 ], [ -4.004600163158743, 5.294949155720508 ], [ -4.004354286677468, 5.294925849476638 ], [ -4.003919169527018, 5.294731601613782 ], [ -4.003658336115008, 5.294735016310288 ] ] ] ] } },
{ "type": "Feature", "properties": { "feature_ro": "site_contour", "site_id": 26.0, "site_code": "g2m-0026", "site_name": "Institut National de l'Hygienne Publique Public de Treichville", "region": "DISTRICT D'ABIDJAN", "ministere": "MSHPCMU", "localite": "TREICHVILLE", "format": "A4-paysage", "echelle": 1800, "equipe": "EQUIPE 6", "basemap": "default", "echelle_A3": 1000 }, "geometry": { "type": "MultiPolygon", "coordinates": [ [ [ [ -4.004554349315743, 5.294961757765702 ], [ -4.004532886118665, 5.294590639908654 ], [ -4.004583861211751, 5.294593309822089 ], [ -4.004581178312108, 5.294545251378481 ], [ -4.00476898128664, 5.294430445081389 ], [ -4.004752883888825, 5.293829714109474 ], [ -4.005504095786932, 5.293835053942908 ], [ -4.006435061960663, 5.293835053942908 ], [ -4.006440427759927, 5.294118065048831 ], [ -4.006351892071947, 5.294286269701358 ], [ -4.005549705080754, 5.294574620427795 ], [ -4.004653842479152, 5.294933558536385 ], [ -4.004554349315743, 5.294961757765702 ] ] ] ] } },
{ "type": "Feature", "properties": { "feature_ro": "site_contour", "site_id": 27.0, "site_code": "g2m-0027", "site_name": "Lnsp Public Laboratoire Nationale de Santé Publique de Treichville", "region": "DISTRICT D'ABIDJAN", "ministere": "MSHPCMU", "localite": "TREICHVILLE", "format": "A4-paysage", "echelle": 1800, "equipe": "EQUIPE 6", "basemap": "default", "echelle_A3": 1000 }, "geometry": { "type": "MultiPolygon", "coordinates": [ [ [ [ -3.995997199954744, 5.291408597660991 ], [ -3.995506723998954, 5.291159896803757 ], [ -3.99575896877622, 5.29067876495504 ], [ -3.996242437932649, 5.290929790314098 ], [ -3.995997199954744, 5.291408597660991 ] ] ] ] } },
{ "type": "Feature", "properties": { "feature_ro": "site_contour", "site_id": 28.0, "site_code": "g2m-0028", "site_name": "Psp Public de Treichville", "region": "DISTRICT D'ABIDJAN", "ministere": "MSHPCMU", "localite": "TREICHVILLE", "format": "A4-paysage", "echelle": 1800, "equipe": "EQUIPE X", "basemap": "default", "echelle_A3": 1000 }, "geometry": { "type": "MultiPolygon", "coordinates": [ [ [ [ -3.996240325877139, 5.291534336448932 ], [ -3.995997508197795, 5.291413509350392 ], [ -3.996240325877139, 5.290926424870173 ], [ -3.995754001582244, 5.290678184004628 ], [ -3.995509868449175, 5.291161441205845 ], [ -3.994887463098955, 5.290851729451802 ], [ -3.995644324708121, 5.289297317490496 ], [ -3.996594029423551, 5.289484213002507 ], [ -3.996438428085996, 5.289847324121658 ], [ -3.997533003012253, 5.290365291084664 ], [ -3.997758203198752, 5.290461417134765 ], [ -3.997849417775943, 5.290877926272173 ], [ -3.997624064114651, 5.290952684292803 ], [ -3.997135821900553, 5.291962024001597 ], [ -3.996240325877139, 5.291534336448932 ] ] ] ] } },
{ "type": "Feature", "properties": { "feature_ro": "site_contour", "site_id": 15.0, "site_code": "g2m-0015", "site_name": "Chu Public de Yopougon", "region": "DISTRICT D'ABIDJAN", "ministere": "MSHPCMU", "localite": "YOPOUGON", "format": "A4-paysage", "echelle": 1800, "equipe": "EQUIPE X", "basemap": "default", "echelle_A3": 1000 }, "geometry": { "type": "MultiPolygon", "coordinates": [ [ [ [ -4.087575843461432, 5.359428099641804 ], [ -4.087701846557029, 5.358587165065326 ], [ -4.0876991656401, 5.358328210375272 ], [ -4.087640235859086, 5.358135713778926 ], [ -4.087471338092632, 5.3578126875697 ], [ -4.08792709397037, 5.357524366511425 ], [ -4.087943179471941, 5.357540384351589 ], [ -4.088647093651823, 5.357099581005683 ], [ -4.088763696641921, 5.357025379102893 ], [ -4.088869699360192, 5.356962592877456 ], [ -4.088963470995586, 5.35690632989622 ], [ -4.089567697745882, 5.356517310172136 ], [ -4.089556974078168, 5.356490613726967 ], [ -4.090432344378814, 5.355948632175082 ], [ -4.090668265068458, 5.355892569586709 ], [ -4.090821369345016, 5.356156954872196 ], [ -4.090950053357561, 5.356322472903784 ], [ -4.091137717542512, 5.356295776450117 ], [ -4.091518654534883, 5.356891264638504 ], [ -4.091690233218264, 5.356789818202753 ], [ -4.09180015081231, 5.356992711057411 ], [ -4.091912749323286, 5.357147550295908 ], [ -4.091947601243335, 5.357131532445478 ], [ -4.092001219581905, 5.357211621693456 ], [ -4.091937052007371, 5.357254364909572 ], [ -4.091958499342798, 5.357291739885767 ], [ -4.091993351262869, 5.357275722039103 ], [ -4.092191739115535, 5.357590739613002 ], [ -4.092017479515225, 5.357702864472963 ], [ -4.092201670929465, 5.357980231003356 ], [ -4.091685062613281, 5.358402761768712 ], [ -4.091693105364065, 5.358448145582759 ], [ -4.090899553953423, 5.359091527525099 ], [ -4.090121033896901, 5.359758919312812 ], [ -4.08978899150464, 5.360167751545997 ], [ -4.089536278737388, 5.360645448828507 ], [ -4.089445597685939, 5.360960917688778 ], [ -4.089070269316055, 5.360627214467928 ], [ -4.088501564771759, 5.360170634928108 ], [ -4.087575843461432, 5.359428099641804 ] ] ] ] } },
{ "type": "Feature", "properties": { "feature_ro": "site_contour", "site_id": 16.0, "site_code": "g2m-0016", "site_name": "Hopital General Public de Yopougon-Attie", "region": "DISTRICT D'ABIDJAN", "ministere": "MSHPCMU", "localite": "YOPOUGON", "format": "A4-paysage", "echelle": 1800, "equipe": "EQUIPE 6", "basemap": "default", "echelle_A3": 1000 }, "geometry": { "type": "MultiPolygon", "coordinates": [ [ [ [ -4.080331786506679, 5.342171195073248 ], [ -4.079603488964426, 5.342171195073248 ], [ -4.079599695748064, 5.340706285386481 ], [ -4.080464549079495, 5.340732714200531 ], [ -4.080506274459526, 5.340732714200531 ], [ -4.080491101594062, 5.341431189586689 ], [ -4.080422823699464, 5.34143496512715 ], [ -4.080346959372144, 5.341578435647576 ], [ -4.08033557972306, 5.342095684350257 ], [ -4.080331786506679, 5.342171195073248 ] ] ] ] } },
{ "type": "Feature", "properties": { "feature_ro": "site_contour", "site_id": 51.0, "site_code": "g2m-0051", "site_name": "LYCEE MODERNE ALFRED KOBA D'ATTIEGOUAKRO", "region": "DISTRICT DE YAMOUSSOUKRO", "ministere": "MENAET", "localite": "ATTIEGOUAKRO", "format": "A4-paysage", "echelle": 2400, "equipe": "EQUIPE 5", "basemap": "default", "echelle_A3": 1000 }, "geometry": { "type": "MultiPolygon", "coordinates": [ [ [ [ -5.12800676714139, 6.784064502017745 ], [ -5.125594281532626, 6.784990803453082 ], [ -5.124198377909955, 6.781534108529464 ], [ -5.125237719194232, 6.781172622660448 ], [ -5.127779174159429, 6.783853636401401 ], [ -5.12800676714139, 6.784064502017745 ] ] ] ] } },
{ "type": "Feature", "properties": { "feature_ro": "site_contour", "site_id": 53.0, "site_code": "g2m-0053", "site_name": "COLLEGE MODERNE DE DUOKRO", "region": "DISTRICT DE YAMOUSSOUKRO", "ministere": "MENAET", "localite": "DUOKRO", "format": "A4-paysage", "echelle": 1800, "equipe": "EQUIPE 5", "basemap": "default", "echelle_A3": 1000 }, "geometry": { "type": "MultiPolygon", "coordinates": [ [ [ [ -5.227893590927125, 6.670254395633794 ], [ -5.226654410362245, 6.669119869495072 ], [ -5.227694509186412, 6.667992373735026 ], [ -5.22893041165258, 6.669122643049068 ], [ -5.228502351484188, 6.669614672852417 ], [ -5.228436992563193, 6.669606020066309 ], [ -5.228336775551004, 6.669727159057753 ], [ -5.228345490073807, 6.669796381325148 ], [ -5.227893590927125, 6.670254395633794 ] ] ] ] } },
{ "type": "Feature", "properties": { "feature_ro": "site_contour", "site_id": 57.0, "site_code": "g2m-0057", "site_name": "COLLEGE MODERNE KOSSOU", "region": "DISTRICT DE YAMOUSSOUKRO", "ministere": "MENAET", "localite": "KOSSOU", "format": "A4-paysage", "echelle": 2000, "equipe": "EQUIPE 5", "basemap": "default", "echelle_A3": 1000 }, "geometry": { "type": "MultiPolygon", "coordinates": [ [ [ [ -5.493101836808702, 6.996619653085111 ], [ -5.491086830708305, 6.998508955810498 ], [ -5.489817438486049, 6.997127136445298 ], [ -5.491900227666253, 6.995268399520632 ], [ -5.493101836808702, 6.996619653085111 ] ] ] ] } },
{ "type": "Feature", "properties": { "feature_ro": "site_contour", "site_id": 55.0, "site_code": "g2m-0055a", "site_name": "COLLEGE MODERNE I DE YAMOUSSOUKRO", "region": "DISTRICT DE YAMOUSSOUKRO", "ministere": "MENAET", "localite": "YAMOUSSOUKRO", "format": "A4-paysage", "echelle": 1800, "equipe": "EQUIPE 5", "basemap": "default", "echelle_A3": 1000 }, "geometry": { "type": "MultiPolygon", "coordinates": [ [ [ [ -5.282243430605147, 6.771236601898041 ], [ -5.28153085386904, 6.771220588937679 ], [ -5.280822280373023, 6.771188563016954 ], [ -5.280853305483729, 6.77011369305266 ], [ -5.280883329784407, 6.768868685384517 ], [ -5.281171563070923, 6.768870687004561 ], [ -5.281219601952008, 6.768916724265602 ], [ -5.281411757476352, 6.768921728315716 ], [ -5.281465801217574, 6.768881695914811 ], [ -5.282025254020218, 6.768897708875172 ], [ -5.282273454905828, 6.76890471454533 ], [ -5.282243430605147, 6.771236601898041 ] ] ] ] } },
{ "type": "Feature", "properties": { "feature_ro": "site_contour", "site_id": 56.0, "site_code": "g2m-0056", "site_name": "COLLEGE MODERNE II YAMOUSSOUKRO", "region": "DISTRICT DE YAMOUSSOUKRO", "ministere": "MENAET", "localite": "YAMOUSSOUKRO", "format": "A4-paysage", "echelle": 1800, "equipe": "EQUIPE 5", "basemap": "default", "echelle_A3": 1000 }, "geometry": { "type": "MultiPolygon", "coordinates": [ [ [ [ -5.262389735128671, 6.776463992750013 ], [ -5.260177270077105, 6.776424655883522 ], [ -5.26023010506341, 6.773723516709937 ], [ -5.26246898760813, 6.773795634699971 ], [ -5.262389735128671, 6.776463992750013 ] ] ] ] } },
{ "type": "Feature", "properties": { "feature_ro": "site_contour", "site_id": 54.0, "site_code": "g2m-0054", "site_name": "DRENAET DE YAMOUSSOUKRO", "region": "DISTRICT DE YAMOUSSOUKRO", "ministere": "MENAET", "localite": "YAMOUSSOUKRO", "format": "A4-paysage", "echelle": 1800, "equipe": "EQUIPE 5", "basemap": "default", "echelle_A3": 1000 }, "geometry": { "type": "MultiPolygon", "coordinates": [ [ [ [ -5.243859181391168, 6.82149633243129 ], [ -5.243062605954317, 6.821029451971558 ], [ -5.243555724081888, 6.820411964213005 ], [ -5.244268848758698, 6.820931557623893 ], [ -5.243859181391168, 6.82149633243129 ] ] ] ] } },
{ "type": "Feature", "properties": { "feature_ro": "site_contour", "site_id": 58.0, "site_code": "g2m-0058", "site_name": "LYCEE MAMIE ADJOUA", "region": "DISTRICT DE YAMOUSSOUKRO", "ministere": "MENAET", "localite": "YAMOUSSOUKRO", "format": "A4-paysage", "echelle": 2400, "equipe": "EQUIPE 5", "basemap": "default", "echelle_A3": 1000 }, "geometry": { "type": "MultiPolygon", "coordinates": [ [ [ [ -5.271020357879422, 6.833582813937681 ], [ -5.267739277492117, 6.832219334724631 ], [ -5.269301798932791, 6.829879356057041 ], [ -5.272023409647048, 6.831025187427621 ], [ -5.271020357879422, 6.833582813937681 ] ] ] ] } },
{ "type": "Feature", "properties": { "feature_ro": "site_contour", "site_id": 59.0, "site_code": "g2m-0059", "site_name": "LYCEE MODERNE BAD DE YAMOUSSOUKRO", "region": "DISTRICT DE YAMOUSSOUKRO", "ministere": "MENAET", "localite": "YAMOUSSOUKRO", "format": "A4-paysage", "echelle": 2200, "equipe": "EQUIPE 5", "basemap": "default", "echelle_A3": 1000 }, "geometry": { "type": "MultiPolygon", "coordinates": [ [ [ [ -5.279614038856894, 6.851467769239941 ], [ -5.278293999561542, 6.851046097224742 ], [ -5.279272649383962, 6.848139562121593 ], [ -5.280585102246591, 6.848576296506039 ], [ -5.279651971020563, 6.851294582564526 ], [ -5.279614038856894, 6.851467769239941 ] ] ] ] } },
{ "type": "Feature", "properties": { "feature_ro": "site_contour", "site_id": 60.0, "site_code": "g2m-0060", "site_name": "LYCEE SCIENTIFIQUE DE YAMOUSSOUKRO", "region": "DISTRICT DE YAMOUSSOUKRO", "ministere": "MENAET", "localite": "YAMOUSSOUKRO", "format": "A4-paysage", "echelle": 5000, "equipe": "EQUIPE 5", "basemap": "default", "echelle_A3": 1000 }, "geometry": { "type": "MultiPolygon", "coordinates": [ [ [ [ -5.252444320296113, 6.824330950214203 ], [ -5.25225111900919, 6.824568243081128 ], [ -5.252029859444084, 6.824836800886601 ], [ -5.251131994542205, 6.825856518882307 ], [ -5.250363999385062, 6.826756788779458 ], [ -5.250050548334494, 6.8271255547213 ], [ -5.248533797982388, 6.826545149195442 ], [ -5.247641544736148, 6.826199631541237 ], [ -5.247720909580157, 6.825955925353576 ], [ -5.246592165132085, 6.82550057958191 ], [ -5.246491155330623, 6.825753905750656 ], [ -5.245633373683297, 6.825402776440816 ], [ -5.244375561155562, 6.82492097572115 ], [ -5.243306941589307, 6.824509721529485 ], [ -5.24329251161767, 6.824434365010934 ], [ -5.244105400019907, 6.823481986882871 ], [ -5.245003264921787, 6.822417375642071 ], [ -5.24534236925528, 6.822054221355874 ], [ -5.247043502578301, 6.82007090192084 ], [ -5.247243918851042, 6.81985445234628 ], [ -5.248412746553662, 6.820869360351435 ], [ -5.248763875863505, 6.821160364779454 ], [ -5.248630799458406, 6.8213158878071 ], [ -5.249792412175209, 6.822304340864256 ], [ -5.249923083585036, 6.822153627827156 ], [ -5.250238137965786, 6.82243421060899 ], [ -5.250752806954182, 6.82286630809302 ], [ -5.252444320296113, 6.824330950214203 ] ] ] ] } },
{ "type": "Feature", "properties": { "feature_ro": "site_contour", "site_id": 61.0, "site_code": "g2m-0061", "site_name": "HOPITAL GENERAL DE DIDIEVI", "region": "DISTRICT DE YAMOUSSOUKRO", "ministere": "MSHPCMU", "localite": "DIDIEVI", "format": "A4-paysage", "echelle": 1500, "equipe": "EQUIPE 5", "basemap": "default", "echelle_A3": 1000 }, "geometry": { "type": "MultiPolygon", "coordinates": [ [ [ [ -4.89769970783723, 7.126683688835432 ], [ -4.897198309361976, 7.126930491193717 ], [ -4.896678725449796, 7.126005631830036 ], [ -4.897174928085928, 7.125753633632629 ], [ -4.89769970783723, 7.126683688835432 ] ] ], [ [ [ -4.898559638233134, 7.124690293252018 ], [ -4.898615750052869, 7.12480890937728 ], [ -4.897771941928256, 7.125265972111443 ], [ -4.897581587906879, 7.124913675116655 ], [ -4.897644092212405, 7.124835189596645 ], [ -4.898099379256073, 7.124760255457636 ], [ -4.898559638233134, 7.124690293252018 ] ] ] ] } },
{ "type": "Feature", "properties": { "feature_ro": "site_contour", "site_id": 62.0, "site_code": "g2m-0062", "site_name": "HOPITAL GENERAL DE TIEBISSOU", "region": "DISTRICT DE YAMOUSSOUKRO", "ministere": "MSHPCMU", "localite": "TIEBISSOU", "format": "A4-paysage", "echelle": 1100, "equipe": "EQUIPE 5", "basemap": "default", "echelle_A3": 1000 }, "geometry": { "type": "MultiPolygon", "coordinates": [ [ [ [ -5.223074216258364, 7.160881386005001 ], [ -5.222790587675273, 7.160584029556337 ], [ -5.222326152192563, 7.160111575043711 ], [ -5.222439755116392, 7.159635111016125 ], [ -5.223327862679731, 7.159304994284529 ], [ -5.22342576166997, 7.159665182378317 ], [ -5.223689387278502, 7.159637784026098 ], [ -5.223722131650662, 7.160169044758121 ], [ -5.223120211785451, 7.160847169345915 ], [ -5.223074216258364, 7.160881386005001 ] ] ] ] } },
{ "type": "Feature", "properties": { "feature_ro": "site_contour", "site_id": 63.0, "site_code": "g2m-0063", "site_name": "HOPITAL GENERAL DE TOUMODI", "region": "DISTRICT DE YAMOUSSOUKRO", "ministere": "MSHPCMU", "localite": "TOUMODI", "format": "A4-paysage", "echelle": 1800, "equipe": "EQUIPE 5", "basemap": "default", "echelle_A3": 1000 }, "geometry": { "type": "MultiPolygon", "coordinates": [ [ [ [ -5.019997335900793, 6.553989965705513 ], [ -5.019529701504105, 6.553995660847015 ], [ -5.01931961406202, 6.553994395260015 ], [ -5.018931078852862, 6.55400515274952 ], [ -5.01880198897881, 6.554003887162519 ], [ -5.018798192217808, 6.553791268546434 ], [ -5.018596726281329, 6.553790791270924 ], [ -5.018600444248973, 6.553648573612124 ], [ -5.018060038599755, 6.553648573612124 ], [ -5.017631004606582, 6.553685275635138 ], [ -5.017655752628912, 6.553214168260132 ], [ -5.017617083149576, 6.552738616558754 ], [ -5.017615817562575, 6.552032419012469 ], [ -5.017639863715585, 6.551637555868309 ], [ -5.017717064522617, 6.551538840082269 ], [ -5.017932214312704, 6.551447717818234 ], [ -5.018092943861769, 6.551390766403212 ], [ -5.018209377865817, 6.551175616613125 ], [ -5.018265063693839, 6.551154101634117 ], [ -5.01836124830588, 6.55113701620961 ], [ -5.018918106586105, 6.551310401628679 ], [ -5.019086429657174, 6.551373048185204 ], [ -5.019780604126955, 6.551618572063304 ], [ -5.01998784399829, 6.551701151615089 ], [ -5.01998784399829, 6.551720768213596 ], [ -5.01998594561779, 6.551790375498625 ], [ -5.019988160395041, 6.55205804714923 ], [ -5.019992589949541, 6.552491194300155 ], [ -5.019992589949539, 6.553111331930407 ], [ -5.019997335900793, 6.553989965705513 ] ] ] ] } },
{ "type": "Feature", "properties": { "feature_ro": "site_contour", "site_id": 64.0, "site_code": "g2m-0064", "site_name": "CHR de Yamoussoukro", "region": "DISTRICT DE YAMOUSSOUKRO", "ministere": "MSHPCMU", "localite": "YAMOUSSOUKRO", "format": "A4-paysage", "echelle": 1200, "equipe": "EQUIPE 5", "basemap": "default", "echelle_A3": 1000 }, "geometry": { "type": "MultiPolygon", "coordinates": [ [ [ [ -5.277561691670917, 6.818393557731708 ], [ -5.277525456249068, 6.818422000589719 ], [ -5.277490389711795, 6.818424338358871 ], [ -5.277430386970237, 6.818423559102487 ], [ -5.277315514020889, 6.818411941354491 ], [ -5.277267522386011, 6.818400960667359 ], [ -5.277199727080615, 6.818344854207721 ], [ -5.2770797215975, 6.818246667903354 ], [ -5.276795293017387, 6.818008994706277 ], [ -5.276627752894863, 6.817856260455038 ], [ -5.276432159542514, 6.817662225615456 ], [ -5.276463329797868, 6.817539492734999 ], [ -5.276591907101198, 6.817418318367308 ], [ -5.276779707889709, 6.817278052218213 ], [ -5.277115567391152, 6.817024014637076 ], [ -5.277532469556521, 6.816715039480871 ], [ -5.27772416662695, 6.816584124408382 ], [ -5.277887810467561, 6.816580228126463 ], [ -5.277936903619745, 6.816786731068186 ], [ -5.277996127104919, 6.817022066496112 ], [ -5.278027297360271, 6.817225452412303 ], [ -5.278027297360271, 6.817372731868852 ], [ -5.278017167027286, 6.817519621697208 ], [ -5.278003919668761, 6.817654433051617 ], [ -5.277961060567648, 6.81780638804647 ], [ -5.277929890312294, 6.817914704683829 ], [ -5.277830924751543, 6.818095492164883 ], [ -5.277760012420611, 6.818215497647997 ], [ -5.277647409873142, 6.818325762426313 ], [ -5.277561691670917, 6.818393557731708 ] ] ] ] } },
{ "type": "Feature", "properties": { "feature_ro": "site_contour", "site_id": 73.0, "site_code": "g2m-0073", "site_name": "COLLEGE MODERNE BODOKRO", "region": "GBEKE", "ministere": "MENAET", "localite": "BODOKRO", "format": "A4-paysage", "echelle": 1800, "equipe": "EQUIPE 5", "basemap": "default", "echelle_A3": 1000 }, "geometry": { "type": "MultiPolygon", "coordinates": [ [ [ [ -5.480385954851377, 7.872957971724678 ], [ -5.479827909631532, 7.874678638459503 ], [ -5.479143378530971, 7.874814299481826 ], [ -5.479088983048589, 7.874779892700803 ], [ -5.478879265526158, 7.874815937899971 ], [ -5.478850429366823, 7.874869678015094 ], [ -5.478558135569934, 7.874924728864732 ], [ -5.477873932153001, 7.875057768418025 ], [ -5.477811672263528, 7.874997474630326 ], [ -5.477818225936105, 7.874962740165674 ], [ -5.477937502776989, 7.874595734501419 ], [ -5.478092169449782, 7.874111418098053 ], [ -5.4785941807691, 7.872592276794937 ], [ -5.478740983034804, 7.872134175081877 ], [ -5.480462305136887, 7.872722039511942 ], [ -5.480385954851377, 7.872957971724678 ] ] ] ] } },
{ "type": "Feature", "properties": { "feature_ro": "site_contour", "site_id": 68.0, "site_code": "g2m-0068", "site_name": "Groupe Scolaire IRDO", "region": "GBEKE", "ministere": "MENAET", "localite": "BOUAKE", "format": "A4-paysage", "echelle": 1000, "equipe": "EQUIPE 5", "basemap": "default", "echelle_A3": 1000 }, "geometry": { "type": "MultiPolygon", "coordinates": [ [ [ [ -5.021489719744597, 7.684391991950162 ], [ -5.020834041295302, 7.684679596658454 ], [ -5.020403595901113, 7.683901088578879 ], [ -5.020398590722102, 7.683821746932084 ], [ -5.020413606259116, 7.683727532464074 ], [ -5.020488683944145, 7.683593648710451 ], [ -5.020643844493214, 7.683539103465382 ], [ -5.021589823324622, 7.683707697836605 ], [ -5.021489719744597, 7.684391991950162 ] ] ] ] } },
{ "type": "Feature", "properties": { "feature_ro": "site_contour", "site_id": 69.0, "site_code": "g2m-0069a", "site_name": "COLLEGE MODERNE JEUNES FILLES BOUAKE", "region": "GBEKE", "ministere": "MENAET", "localite": "BOUAKE", "format": "A4-paysage", "echelle": 2600, "equipe": "EQUIPE 5", "basemap": "default", "echelle_A3": 1000 }, "geometry": { "type": "MultiPolygon", "coordinates": [ [ [ [ -5.010629479912503, 7.692327094579081 ], [ -5.008353550092917, 7.693259048529365 ], [ -5.007716289743428, 7.691718317102731 ], [ -5.008558383776672, 7.691019349293338 ], [ -5.008323204361989, 7.690696170239428 ], [ -5.010326022603222, 7.68915542950546 ], [ -5.010417059796007, 7.689365872472166 ], [ -5.01076603570168, 7.689756694847735 ], [ -5.01079022884369, 7.689812272051454 ], [ -5.010800957679749, 7.689907932690581 ], [ -5.010623931884767, 7.690519097375782 ], [ -5.010613203048707, 7.690582871031352 ], [ -5.010355710983277, 7.691337525227652 ], [ -5.010323524475099, 7.691608562674729 ], [ -5.010629479912503, 7.692327094579081 ] ] ] ] } },
{ "type": "Feature", "properties": { "feature_ro": "site_contour", "site_id": 72.0, "site_code": "g2m-0072", "site_name": "COLLÈGE MODERNE BOUAKE DAR ES-SALAM", "region": "GBEKE", "ministere": "MENAET", "localite": "BOUAKE", "format": "A4-paysage", "echelle": 1800, "equipe": "EQUIPE 5", "basemap": "default", "echelle_A3": 1000 }, "geometry": { "type": "MultiPolygon", "coordinates": [ [ [ [ -5.034592151641847, 7.718917052347715 ], [ -5.033052563667298, 7.720846071817729 ], [ -5.03250002861023, 7.720569738990394 ], [ -5.031781196594239, 7.720282777786161 ], [ -5.03351390361786, 7.718034908279311 ], [ -5.034184455871583, 7.718582262948141 ], [ -5.034592151641847, 7.718917052347715 ] ] ] ] } },
{ "type": "Feature", "properties": { "feature_ro": "site_contour", "site_id": 75.0, "site_code": "g2m-0075", "site_name": "DRENAET de Bouake 1", "region": "GBEKE", "ministere": "MENAET", "localite": "BOUAKE", "format": "A4-paysage", "echelle": 1800, "equipe": "EQUIPE 5", "basemap": "default", "echelle_A3": 1000 }, "geometry": { "type": "MultiPolygon", "coordinates": [ [ [ [ -5.027146339416505, 7.721016666853835 ], [ -5.026792287826539, 7.721096378180571 ], [ -5.025966167449951, 7.721117634531835 ], [ -5.024367570877076, 7.721170775405299 ], [ -5.024056434631349, 7.719565918080264 ], [ -5.026894211769105, 7.719385238397116 ], [ -5.027146339416505, 7.721016666853835 ] ] ] ] } },
{ "type": "Feature", "properties": { "feature_ro": "site_contour", "site_id": 76.0, "site_code": "g2m-0076", "site_name": "DRENAET de Bouake 2", "region": "GBEKE", "ministere": "MENAET", "localite": "BOUAKE", "format": "A4-paysage", "echelle": 1000, "equipe": "EQUIPE 5", "basemap": "default", "echelle_A3": 1000 }, "geometry": { "type": "MultiPolygon", "coordinates": [ [ [ [ -5.027881264686585, 7.680045817409047 ], [ -5.026958584785462, 7.680045817409047 ], [ -5.026953220367433, 7.679057300140451 ], [ -5.027891993522645, 7.679073243985621 ], [ -5.027881264686585, 7.680045817409047 ] ] ] ] } },
{ "type": "Feature", "properties": { "feature_ro": "site_contour", "site_id": 67.0, "site_code": "g2m-0067", "site_name": "LYCEE CLASSIQUE ET MODERNE 1 BOUAKE", "region": "GBEKE", "ministere": "MENAET", "localite": "BOUAKE", "format": "A4-paysage", "echelle": 3000, "equipe": "EQUIPE 5", "basemap": "default", "echelle_A3": 1000 }, "geometry": { "type": "MultiPolygon", "coordinates": [ [ [ [ -5.036217322400525, 7.703387603227102 ], [ -5.034559336875851, 7.7033511639848 ], [ -5.034547190461752, 7.704113351469585 ], [ -5.033305219620011, 7.704076912227285 ], [ -5.033332549051736, 7.703250956068474 ], [ -5.033115811475137, 7.703252474370227 ], [ -5.033121884682187, 7.702927557793047 ], [ -5.033294971083115, 7.702927557793047 ], [ -5.033305599195454, 7.702174480118838 ], [ -5.03338151428358, 7.702165370308263 ], [ -5.033390624094155, 7.701972545984423 ], [ -5.033376959378292, 7.701905740706873 ], [ -5.033348111644805, 7.701838935429322 ], [ -5.03331622730779, 7.701785794867633 ], [ -5.033298007686643, 7.701706843175979 ], [ -5.033117329776903, 7.70171898959008 ], [ -5.033124921285715, 7.700950728898246 ], [ -5.033011048653527, 7.700959838708821 ], [ -5.032695241886921, 7.70018246820641 ], [ -5.032680058869297, 7.699812002576355 ], [ -5.034736978182066, 7.699837054555446 ], [ -5.034800746856091, 7.700049616802199 ], [ -5.034948022127056, 7.70016500773615 ], [ -5.035101771354676, 7.700433846558519 ], [ -5.035203096823158, 7.700617461661382 ], [ -5.035368591715272, 7.700927195220937 ], [ -5.035620629807853, 7.701410015181421 ], [ -5.03590303393568, 7.70206136663754 ], [ -5.036024498076683, 7.702384005762079 ], [ -5.036320566920375, 7.7031811141874 ], [ -5.036376744085589, 7.703375456813002 ], [ -5.036217322400525, 7.703387603227102 ] ] ] ] } },
{ "type": "Feature", "properties": { "feature_ro": "site_contour", "site_id": 70.0, "site_code": "g2m-0070", "site_name": "LYCEE MARTIN LUTHER KING", "region": "GBEKE", "ministere": "MENAET", "localite": "BOUAKE", "format": "A4-paysage", "echelle": 1800, "equipe": "EQUIPE 5", "basemap": "default", "echelle_A3": 1000 }, "geometry": { "type": "MultiPolygon", "coordinates": [ [ [ [ -5.007281246830141, 7.686513581710046 ], [ -5.00541224961081, 7.687035536287517 ], [ -5.00483510083572, 7.684946414177689 ], [ -5.006911836846086, 7.685161106568422 ], [ -5.007281246830141, 7.686513581710046 ] ] ] ] } },
{ "type": "Feature", "properties": { "feature_ro": "site_contour", "site_id": 9999.0, "site_code": "g2m-9999", "site_name": "COLLEGE MODERNE DE BOUREBO (old)", "region": "GBEKE", "ministere": "MENAET", "localite": "BOUREBO", "format": "A4-paysage", "echelle": 1800, "equipe": "EQUIPE 5", "basemap": "default", "echelle_A3": 1000 }, "geometry": { "type": "MultiPolygon", "coordinates": [ [ [ [ -5.058875398871395, 7.713017254972448 ], [ -5.05844676542204, 7.713092408954261 ], [ -5.058374694311102, 7.712750458229192 ], [ -5.058272277469213, 7.71241226493252 ], [ -5.058750222731321, 7.712344626240769 ], [ -5.058875398871395, 7.713017254972448 ] ] ] ] } },
{ "type": "Feature", "properties": { "feature_ro": "site_contour", "site_id": 84.0, "site_code": "g2m-0084", "site_name": "TPI DE BOUAKE", "region": "GBEKE", "ministere": "MJDH", "localite": "BOUAKE", "format": "A4-paysage", "echelle": 800, "equipe": "EQUIPE 5", "basemap": "default", "echelle_A3": 1000 }, "geometry": { "type": "MultiPolygon", "coordinates": [ [ [ [ -5.031444500414975, 7.68107172681692 ], [ -5.030541673146441, 7.681070204342608 ], [ -5.03053938943497, 7.680167377074073 ], [ -5.031450590312234, 7.680165854599757 ], [ -5.031444500414975, 7.68107172681692 ] ] ] ] } },
{ "type": "Feature", "properties": { "feature_ro": "site_contour", "site_id": 78.0, "site_code": "g2m-0078", "site_name": "Hôpital Général de BEOUMI", "region": "GBEKE", "ministere": "MSHPCMU", "localite": "BEOUMI", "format": "A4-paysage", "echelle": 1500, "equipe": "EQUIPE 5", "basemap": "default", "echelle_A3": 1000 }, "geometry": { "type": "MultiPolygon", "coordinates": [ [ [ [ -5.572718445291264, 7.675899220542269 ], [ -5.573135360451921, 7.677426037306801 ], [ -5.571089235891411, 7.678013606859651 ], [ -5.571038255591972, 7.67780622937041 ], [ -5.570754839690013, 7.676773662288565 ], [ -5.57066411203847, 7.676449634961628 ], [ -5.570700403099087, 7.676401246880805 ], [ -5.571310870583039, 7.676241393399515 ], [ -5.571621504780465, 7.67615628222164 ], [ -5.571984847423072, 7.676061666242175 ], [ -5.572669193137567, 7.67587157021037 ], [ -5.572718445291264, 7.675899220542269 ] ] ] ] } },
{ "type": "Feature", "properties": { "feature_ro": "site_contour", "site_id": 79.0, "site_code": "g2m-0079", "site_name": "Hôpital Général de BOTRO", "region": "GBEKE", "ministere": "MSHPCMU", "localite": "BOTRO", "format": "A4-paysage", "echelle": 600, "equipe": "EQUIPE 5", "basemap": "default", "echelle_A3": 1000 }, "geometry": { "type": "MultiPolygon", "coordinates": [ [ [ [ -5.310971726499884, 7.8495238445674 ], [ -5.310984829967086, 7.849584120516529 ], [ -5.310984829967086, 7.849616879184535 ], [ -5.310971726499884, 7.849641120598861 ], [ -5.310954691992522, 7.849651603372622 ], [ -5.310857726335225, 7.84963522403862 ], [ -5.31071162267592, 7.849605086064054 ], [ -5.310443656771632, 7.849571344636006 ], [ -5.310236621989836, 7.849553654955284 ], [ -5.310045966542046, 7.84954120666144 ], [ -5.309930774029779, 7.849045926093019 ], [ -5.310804063494501, 7.848921057282785 ], [ -5.310971726499884, 7.8495238445674 ] ] ] ] } },
{ "type": "Feature", "properties": { "feature_ro": "site_contour", "site_id": 168.0, "site_code": "g2m-0168", "site_name": "LYCEE MODERNE DE BONIEREDOUGOU", "region": "HAMBOL", "ministere": "MENAET", "localite": "BONIEREDOUGOU", "format": "A4-paysage", "echelle": 1800, "equipe": "EQUIPE 3", "basemap": "default", "echelle_A3": 1000 }, "geometry": { "type": "MultiPolygon", "coordinates": [ [ [ [ -4.713987708091737, 8.37452322378941 ], [ -4.712957739830018, 8.37442241878593 ], [ -4.712614417076112, 8.37441711325871 ], [ -4.712024331092834, 8.374342835870005 ], [ -4.711884856224061, 8.373886560171298 ], [ -4.712432026863099, 8.373393145150969 ], [ -4.713982343673707, 8.372857285119361 ], [ -4.713966250419618, 8.373080118093389 ], [ -4.714014530181886, 8.373159701267486 ], [ -4.713998436927796, 8.373615977818238 ], [ -4.713976979255677, 8.373939615512587 ], [ -4.713987708091737, 8.374448946420959 ], [ -4.713987708091737, 8.37452322378941 ] ] ] ] } },
{ "type": "Feature", "properties": { "feature_ro": "site_contour", "site_id": 169.0, "site_code": "g2m-0169", "site_name": "DRENAET DE KATIOLA", "region": "HAMBOL", "ministere": "MENAET", "localite": "KATIOLA", "format": "A4-paysage", "echelle": 1800, "equipe": "EQUIPE 3", "basemap": "default", "echelle_A3": 1000 }, "geometry": { "type": "MultiPolygon", "coordinates": [ [ [ [ -5.093370079994203, 8.126407762861861 ], [ -5.092855095863343, 8.126551102010417 ], [ -5.092737078666688, 8.126115775549046 ], [ -5.093257427215577, 8.125983053972966 ], [ -5.093370079994203, 8.126407762861861 ] ] ] ] } },
{ "type": "Feature", "properties": { "feature_ro": "site_contour", "site_id": 167.0, "site_code": "g2m-0167", "site_name": "COLLEGE MODERNE DE TIMBE", "region": "HAMBOL", "ministere": "MENAET", "localite": "TIMBE", "format": "A4-paysage", "echelle": 1800, "equipe": "EQUIPE 3", "basemap": "default", "echelle_A3": 1000 }, "geometry": { "type": "MultiPolygon", "coordinates": [ [ [ [ -4.959125585444178, 8.171452126210916 ], [ -4.95772706423246, 8.17150844693766 ], [ -4.957662016734234, 8.169955601130891 ], [ -4.95906053794597, 8.169907326034885 ], [ -4.959125585444178, 8.171452126210916 ] ] ] ] } },
{ "type": "Feature", "properties": { "feature_ro": "site_contour", "site_id": 170.0, "site_code": "g2m-0170", "site_name": "TPI DE KATIOLA", "region": "HAMBOL", "ministere": "MJDH", "localite": "KATIOLA", "format": "A4-paysage", "echelle": 1800, "equipe": "EQUIPE 3", "basemap": "default", "echelle_A3": 1000 }, "geometry": { "type": "MultiPolygon", "coordinates": [ [ [ [ -5.114389898225395, 8.14215510281106 ], [ -5.112954787795924, 8.142380402182283 ], [ -5.11287347842315, 8.14142287897929 ], [ -5.113430447626646, 8.141555644938279 ], [ -5.114316719789885, 8.141366554013691 ], [ -5.114389898225395, 8.14215510281106 ] ] ] ] } },
{ "type": "Feature", "properties": { "feature_ro": "site_contour", "site_id": 172.0, "site_code": "g2m-0172", "site_name": "DABAKALA", "region": "HAMBOL", "ministere": "MSHPCMU", "localite": "DABAKALA", "format": "A4-paysage", "echelle": 1800, "equipe": "EQUIPE 3", "basemap": "default", "echelle_A3": 1000 }, "geometry": { "type": "MultiPolygon", "coordinates": [ [ [ [ -4.432248980803833, 8.368926264630003 ], [ -4.432931979535145, 8.367205317988057 ], [ -4.43537939165565, 8.368234670164375 ], [ -4.434696392924338, 8.369851069263751 ], [ -4.432248980803833, 8.368926264630003 ] ] ] ] } },
{ "type": "Feature", "properties": { "feature_ro": "site_contour", "site_id": 173.0, "site_code": "g2m-0173", "site_name": "KATIOLA", "region": "HAMBOL", "ministere": "MSHPCMU", "localite": "KATIOLA", "format": "A4-paysage", "echelle": 1300, "equipe": "EQUIPE 3", "basemap": "default", "echelle_A3": 1000 }, "geometry": { "type": "MultiPolygon", "coordinates": [ [ [ [ -5.105960593622316, 8.144419825965022 ], [ -5.105877142862275, 8.144517423739385 ], [ -5.104811249063431, 8.14498664347612 ], [ -5.104598828946934, 8.144682589149427 ], [ -5.104629174677862, 8.144127032499325 ], [ -5.104276405555829, 8.14337252527385 ], [ -5.104253646257622, 8.143334987563799 ], [ -5.104997273509287, 8.142889776530195 ], [ -5.105050158450826, 8.142901234934195 ], [ -5.105445032680982, 8.143561415287737 ], [ -5.105960593622316, 8.144419825965022 ] ] ] ] } },
{ "type": "Feature", "properties": { "feature_ro": "site_contour", "site_id": 174.0, "site_code": "g2m-0174", "site_name": "NIAKARAMANDOUGOU", "region": "HAMBOL", "ministere": "MSHPCMU", "localite": "NIAKARAMANDOUGOU", "format": "A4-paysage", "echelle": 1800, "equipe": "EQUIPE 3", "basemap": "default", "echelle_A3": 1000 }, "geometry": { "type": "MultiPolygon", "coordinates": [ [ [ [ -5.282967242124426, 8.665583872306062 ], [ -5.281798931483715, 8.665973738913385 ], [ -5.281138911836019, 8.663874452409027 ], [ -5.283354150193749, 8.663244664172129 ], [ -5.282967242124426, 8.665583872306062 ] ] ] ] } },
{ "type": "Feature", "properties": { "feature_ro": "site_contour", "site_id": 209.0, "site_code": "g2m-0209", "site_name": "TPI DE DALOA", "region": "HAUT-SASSANDRA", "ministere": "MJDH", "localite": "DALOA", "format": "A4-paysage", "echelle": 1000, "equipe": "EQUIPE 6", "basemap": "default", "echelle_A3": 1000 }, "geometry": { "type": "MultiPolygon", "coordinates": [ [ [ [ -6.451124674916651, 6.886876445684852 ], [ -6.450078178860072, 6.887194889989361 ], [ -6.449866910322687, 6.88654487811215 ], [ -6.450194563284139, 6.886451710364448 ], [ -6.450524173551214, 6.88635384508325 ], [ -6.450937947960121, 6.886235623823563 ], [ -6.451022895024201, 6.886526479439286 ], [ -6.451124674916651, 6.886876445684852 ] ] ] ] } },
{ "type": "Feature", "properties": { "feature_ro": "site_contour", "site_id": 210.0, "site_code": "g2m-0210", "site_name": "TPI DE ISSIA", "region": "HAUT-SASSANDRA", "ministere": "MJDH", "localite": "ISSIA", "format": "A4-paysage", "echelle": 1000, "equipe": "EQUIPE 6", "basemap": "default", "echelle_A3": 1000 }, "geometry": { "type": "MultiPolygon", "coordinates": [ [ [ [ -6.575352788434135, 6.489442156301439 ], [ -6.574868268023721, 6.489622429740526 ], [ -6.574724390484013, 6.48923572330968 ], [ -6.574521227436326, 6.488679264129404 ], [ -6.574769763426223, 6.488300433396832 ], [ -6.574926624836605, 6.48825715367189 ], [ -6.575038731630551, 6.488595098612102 ], [ -6.575163842534649, 6.488936310168732 ], [ -6.575302175386566, 6.48930282824915 ], [ -6.575352788434135, 6.489442156301439 ] ] ] ] } },
{ "type": "Feature", "properties": { "feature_ro": "site_contour", "site_id": 189.0, "site_code": "g2m-0189", "site_name": "TPI DE SOUBRE", "region": "NAWA", "ministere": "MJDH", "localite": "SOUBRE", "format": "A4-paysage", "echelle": 1800, "equipe": "EQUIPE X", "basemap": "default", "echelle_A3": 1000 }, "geometry": { "type": "MultiPolygon", "coordinates": [ [ [ [ -6.607559285321715, 5.785001123413957 ], [ -6.606908810339516, 5.785061775518753 ], [ -6.60682343549812, 5.784321819395981 ], [ -6.607486106886224, 5.784240949815667 ], [ -6.607559285321715, 5.785001123413957 ] ] ] ] } },
{ "type": "Feature", "properties": { "feature_ro": "site_contour", "site_id": 89.0, "site_code": "g2m-0089", "site_name": "COLLEGE MODERNE DE DASSOUNGBOHO", "region": "PORO", "ministere": "MENAET", "localite": "DASSOUNGBOHO", "format": "A4-paysage", "echelle": 1500, "equipe": "EQUIPE 4", "basemap": "default", "echelle_A3": 1000 }, "geometry": { "type": "MultiPolygon", "coordinates": [ [ [ [ -5.775158647013211, 9.393839507468762 ], [ -5.773662554554171, 9.39421240662201 ], [ -5.773223483941185, 9.392592497706602 ], [ -5.773732445414116, 9.392473956166729 ], [ -5.773860178349688, 9.392442022932835 ], [ -5.77391480098661, 9.392467233380646 ], [ -5.774070265414773, 9.39242689666415 ], [ -5.774101358300405, 9.39237983716157 ], [ -5.774472372057344, 9.392288239201193 ], [ -5.774738762455873, 9.39222038107917 ], [ -5.775158647013211, 9.393839507468762 ] ] ] ] } },
{ "type": "Feature", "properties": { "feature_ro": "site_contour", "site_id": 86.0, "site_code": "g2m-0086", "site_name": "LYCEE MODERNE DE DIKODOUGOU", "region": "PORO", "ministere": "MENAET", "localite": "DIKODOUGOU", "format": "A4-paysage", "echelle": 2700, "equipe": "EQUIPE 4", "basemap": "default", "echelle_A3": 1000 }, "geometry": { "type": "MultiPolygon", "coordinates": [ [ [ [ -5.765841389061404, 9.055554696145052 ], [ -5.765542994685513, 9.055793965938722 ], [ -5.765219657126496, 9.056069264774685 ], [ -5.765020111661503, 9.056257724380512 ], [ -5.764445494628053, 9.056765826258969 ], [ -5.764097675796711, 9.057074844583228 ], [ -5.761657225664043, 9.054456828982199 ], [ -5.762841278424512, 9.053097330696488 ], [ -5.763114729617286, 9.052798936320588 ], [ -5.763632993533315, 9.052748126132741 ], [ -5.764227934641917, 9.052681610977743 ], [ -5.764339255144381, 9.052895013766697 ], [ -5.764460737684414, 9.053112111842042 ], [ -5.764638573341872, 9.053401729912762 ], [ -5.764967453830462, 9.05396387535469 ], [ -5.765486641568101, 9.054913102045781 ], [ -5.765841389061404, 9.055554696145052 ] ] ] ] } },
{ "type": "Feature", "properties": { "feature_ro": "site_contour", "site_id": 91.0, "site_code": "g2m-0091", "site_name": "COLLEGE MODERNE DE KANOROBA", "region": "PORO", "ministere": "MENAET", "localite": "KANOROBA", "format": "A4-paysage", "echelle": 1800, "equipe": "EQUIPE 4", "basemap": "default", "echelle_A3": 1000 }, "geometry": { "type": "MultiPolygon", "coordinates": [ [ [ [ -6.126487524725696, 9.123891386858928 ], [ -6.124590916542709, 9.123846458503479 ], [ -6.125091621103024, 9.120911127021209 ], [ -6.126586148351222, 9.121030936942143 ], [ -6.126487524725696, 9.123891386858928 ] ] ] ] } },
{ "type": "Feature", "properties": { "feature_ro": "site_contour", "site_id": 92.0, "site_code": "g2m-0092", "site_name": "COLLEGE MODERNE DE KARAKORO", "region": "PORO", "ministere": "MENAET", "localite": "KARAKORO", "format": "A4-paysage", "echelle": 2000, "equipe": "EQUIPE 4", "basemap": "default", "echelle_A3": 1000 }, "geometry": { "type": "MultiPolygon", "coordinates": [ [ [ [ -5.528998374938966, 9.392192380696725 ], [ -5.528984138051002, 9.392220607449227 ], [ -5.528835262839026, 9.392165826527073 ], [ -5.528658352684535, 9.392104600790546 ], [ -5.528483698215074, 9.392041763850427 ], [ -5.528102165204298, 9.391898688971386 ], [ -5.527438349324065, 9.391664097728274 ], [ -5.526805790793533, 9.391436273540251 ], [ -5.526321462993536, 9.391265808200131 ], [ -5.526353687065392, 9.391198782130672 ], [ -5.5268312478103, 9.390119920204933 ], [ -5.526918091683951, 9.389923997848047 ], [ -5.52697416156898, 9.389801224134276 ], [ -5.527063422248023, 9.389602079370206 ], [ -5.527273039835446, 9.389125646467816 ], [ -5.529897207127043, 9.390327443227688 ], [ -5.528998374938966, 9.392192380696725 ] ] ] ] } },
{ "type": "Feature", "properties": { "feature_ro": "site_contour", "site_id": 94.0, "site_code": "g2m-0094", "site_name": "COLLEGE MODERNE DE KOMBOLOKOURA", "region": "PORO", "ministere": "MENAET", "localite": "KOMBOLOKOURA", "format": "A4-paysage", "echelle": 3000, "equipe": "EQUIPE 4", "basemap": "default", "echelle_A3": 1000 }, "geometry": { "type": "MultiPolygon", "coordinates": [ [ [ [ -5.881090311256073, 9.337866259817233 ], [ -5.880418921809632, 9.338304807552131 ], [ -5.879452541172256, 9.338988451825495 ], [ -5.878417008297237, 9.339695730407922 ], [ -5.877429619385135, 9.340346986924414 ], [ -5.875489855352135, 9.338134115319983 ], [ -5.877607012520981, 9.337649752981152 ], [ -5.879178558256045, 9.336982161589194 ], [ -5.879628485473085, 9.337272776056231 ], [ -5.880484572668154, 9.337192244336453 ], [ -5.880916117644806, 9.337678936034264 ], [ -5.881090311256073, 9.337866259817233 ] ] ] ] } },
{ "type": "Feature", "properties": { "feature_ro": "site_contour", "site_id": 87.0, "site_code": "g2m-0087", "site_name": "COLLEGE MODERNE AMADOU GON COULIBALY DE KONI", "region": "PORO", "ministere": "MENAET", "localite": "KONI", "format": "A4-paysage", "echelle": 1500, "equipe": "EQUIPE 4", "basemap": "default", "echelle_A3": 1000 }, "geometry": { "type": "MultiPolygon", "coordinates": [ [ [ [ -5.678358099330111, 9.583735872163455 ], [ -5.677756698812462, 9.58346300815716 ], [ -5.677738828625652, 9.583418332690135 ], [ -5.677588993982398, 9.583349601202404 ], [ -5.677543287543061, 9.583365924930746 ], [ -5.677153408178901, 9.583184473803131 ], [ -5.676942917997722, 9.583089452521344 ], [ -5.677248773118127, 9.582441486420743 ], [ -5.677659100099893, 9.581558286803382 ], [ -5.678050182265091, 9.581743861820259 ], [ -5.678312736548229, 9.58186757849818 ], [ -5.678645396948854, 9.582027722864595 ], [ -5.679070844857918, 9.582218109085616 ], [ -5.678668765654683, 9.583077939997152 ], [ -5.678358099330111, 9.583735872163455 ] ] ] ] } },
{ "type": "Feature", "properties": { "feature_ro": "site_contour", "site_id": 88.0, "site_code": "g2m-0088", "site_name": "COLLEGE MODERNE BARTHELEMY CARDOZI DE KORHOGO", "region": "PORO", "ministere": "MENAET", "localite": "KORHOGO", "format": "A4-paysage", "echelle": 2500, "equipe": "EQUIPE 4", "basemap": "default", "echelle_A3": 1000 }, "geometry": { "type": "MultiPolygon", "coordinates": [ [ [ [ -5.6406232371337, 9.458096553314761 ], [ -5.639971086861363, 9.45785600608316 ], [ -5.640412090119296, 9.456760179805871 ], [ -5.639864176980652, 9.456466177633917 ], [ -5.639717175894674, 9.456746816070783 ], [ -5.639225390443403, 9.45647419587497 ], [ -5.639638329857644, 9.45579531813245 ], [ -5.639801367425728, 9.455552098153833 ], [ -5.639849476872048, 9.455423806296979 ], [ -5.639845467751521, 9.455185931812396 ], [ -5.63983611313696, 9.455081694678702 ], [ -5.639943023017671, 9.455062985449578 ], [ -5.63988154983626, 9.454766310530605 ], [ -5.639825422148887, 9.454378762213027 ], [ -5.639763948967476, 9.453971168292817 ], [ -5.639889568077312, 9.453829512700874 ], [ -5.640008505319603, 9.453687857108932 ], [ -5.641172486645855, 9.454666082517443 ], [ -5.641677975654603, 9.455083126488313 ], [ -5.641683340072632, 9.455215372794793 ], [ -5.641382932662964, 9.456014139405097 ], [ -5.6406232371337, 9.458096553314761 ] ] ] ] } },
{ "type": "Feature", "properties": { "feature_ro": "site_contour", "site_id": 126.0, "site_code": "g2m-0126", "site_name": "DRENAET de KORHOGO", "region": "PORO", "ministere": "MENAET", "localite": "KORHOGO", "format": "A4-paysage", "echelle": 1800, "equipe": "EQUIPE 4", "basemap": "default", "echelle_A3": 1000 }, "geometry": { "type": "MultiPolygon", "coordinates": [ [ [ [ -5.614344969540163, 9.466743160087322 ], [ -5.614275856573292, 9.46682734536359 ], [ -5.614149827045499, 9.466951618828949 ], [ -5.614113237827743, 9.466919548261549 ], [ -5.613930291739005, 9.466767213025499 ], [ -5.614137630639575, 9.466570780647729 ], [ -5.614344969540163, 9.466743160087322 ] ] ] ] } },
{ "type": "Feature", "properties": { "feature_ro": "site_contour", "site_id": 106.0, "site_code": "g2m-0106", "site_name": "LYCEE DOMINIQUE OUATTARA DE KORHOGO", "region": "PORO", "ministere": "MENAET", "localite": "KORHOGO", "format": "A4-paysage", "echelle": 2200, "equipe": "EQUIPE 4", "basemap": "default", "echelle_A3": 1000 }, "geometry": { "type": "MultiPolygon", "coordinates": [ [ [ [ -5.646480314221583, 9.48218195901352 ], [ -5.643102790343357, 9.48206690273336 ], [ -5.643190320854012, 9.479802997339565 ], [ -5.644382465526353, 9.479518437044485 ], [ -5.645399110457236, 9.479275244545603 ], [ -5.64565233151277, 9.479215073205673 ], [ -5.646112391549312, 9.479203791079435 ], [ -5.646590001559998, 9.479200030370688 ], [ -5.646522622194973, 9.480910212672732 ], [ -5.646490969563029, 9.481903039781558 ], [ -5.646480314221583, 9.48218195901352 ] ] ] ] } },
{ "type": "Feature", "properties": { "feature_ro": "site_contour", "site_id": 107.0, "site_code": "g2m-0107", "site_name": "LYCEE HOUPHOUET BOIGNY DE KORHOGO", "region": "PORO", "ministere": "MENAET", "localite": "KORHOGO", "format": "A4-paysage", "echelle": 2000, "equipe": "EQUIPE 4", "basemap": "default", "echelle_A3": 1000 }, "geometry": { "type": "MultiPolygon", "coordinates": [ [ [ [ -5.628690719604493, 9.422092738602149 ], [ -5.628089904785157, 9.42187054342558 ], [ -5.627628564834596, 9.421976350670352 ], [ -5.627145767211915, 9.422494805701051 ], [ -5.626705884933473, 9.421965769947336 ], [ -5.626587867736817, 9.421648348105998 ], [ -5.626426935195924, 9.421362668199313 ], [ -5.62602996826172, 9.421225118530325 ], [ -5.625815391540528, 9.420420980907394 ], [ -5.625557899475099, 9.418199011951241 ], [ -5.625568628311157, 9.416018852781878 ], [ -5.62566158149257, 9.414252103091515 ], [ -5.629606526513181, 9.414326921765285 ], [ -5.629606526513181, 9.420043020537801 ], [ -5.629105821952887, 9.421344841326057 ], [ -5.628690719604493, 9.422092738602149 ] ] ] ] } },
{ "type": "Feature", "properties": { "feature_ro": "site_contour", "site_id": 109.0, "site_code": "g2m-0109", "site_name": "LYCEE MODERNE DE KORHOGO", "region": "PORO", "ministere": "MENAET", "localite": "KORHOGO", "format": "A4-paysage", "echelle": 3400, "equipe": "EQUIPE 4", "basemap": "default", "echelle_A3": 1000 }, "geometry": { "type": "MultiPolygon", "coordinates": [ [ [ [ -5.642831325531007, 9.455822885108258 ], [ -5.640320777893067, 9.453696362092023 ], [ -5.643322796892575, 9.450294249362079 ], [ -5.645689763904945, 9.452388947166208 ], [ -5.642831325531007, 9.455822885108258 ] ] ] ] } },
{ "type": "Feature", "properties": { "feature_ro": "site_contour", "site_id": 124.0, "site_code": "g2m-0124", "site_name": "COLLEGE MODERNE DE SEDIOGO", "region": "PORO", "ministere": "MENAET", "localite": "SEDIOGO", "format": "A4-paysage", "echelle": 2200, "equipe": "EQUIPE 4", "basemap": "default", "echelle_A3": 1000 }, "geometry": { "type": "MultiPolygon", "coordinates": [ [ [ [ -5.474908947944642, 9.512433150663952 ], [ -5.472461158903343, 9.51391190460564 ], [ -5.471405982971191, 9.511263589808472 ], [ -5.47296166419983, 9.510607754800741 ], [ -5.473991632461549, 9.510353882847202 ], [ -5.47496795654297, 9.510343304845035 ], [ -5.474978685379029, 9.512236762018123 ], [ -5.474908947944642, 9.512433150663952 ] ] ] ] } },
{ "type": "Feature", "properties": { "feature_ro": "site_contour", "site_id": 121.0, "site_code": "g2m-0121", "site_name": "COLLEGE MODERNE COULIBALY TIEMOKO YADE DE SINEMATIALI", "region": "PORO", "ministere": "MENAET", "localite": "SINEMATI", "format": "A4-paysage", "echelle": 1800, "equipe": "EQUIPE 4", "basemap": "default", "echelle_A3": 1000 }, "geometry": { "type": "MultiPolygon", "coordinates": [ [ [ [ -5.378268957138062, 9.578411743706294 ], [ -5.376284122467042, 9.578380016036174 ], [ -5.375774502754212, 9.576174935699189 ], [ -5.376611351966859, 9.576058488795162 ], [ -5.377131700515748, 9.577470376899493 ], [ -5.378032922744752, 9.577174251042006 ], [ -5.378268957138062, 9.578411743706294 ] ] ] ] } },
{ "type": "Feature", "properties": { "feature_ro": "site_contour", "site_id": 125.0, "site_code": "g2m-0125", "site_name": "LYCEE MUNICIPAL DE SINEMATIALI", "region": "PORO", "ministere": "MENAET", "localite": "SINEMATIALI", "format": "A4-paysage", "echelle": 2200, "equipe": "EQUIPE 4", "basemap": "default", "echelle_A3": 1000 }, "geometry": { "type": "MultiPolygon", "coordinates": [ [ [ [ -5.404706728174213, 9.570360600114856 ], [ -5.402590730828653, 9.572567444943711 ], [ -5.402068664983448, 9.573133141652061 ], [ -5.40116670972639, 9.572283092077019 ], [ -5.402895394614397, 9.570485199612991 ], [ -5.403835714940771, 9.569520807086258 ], [ -5.404706728174213, 9.570360600114856 ] ] ] ] } },
{ "type": "Feature", "properties": { "feature_ro": "site_contour", "site_id": 127.0, "site_code": "g2m-0127", "site_name": "TPI DE KORHOGO", "region": "PORO", "ministere": "MJDH", "localite": "KORHOGO", "format": "A4-paysage", "echelle": 1800, "equipe": "EQUIPE 4", "basemap": "default", "echelle_A3": 1000 }, "geometry": { "type": "MultiPolygon", "coordinates": [ [ [ [ -5.630623105969575, 9.44984780680379 ], [ -5.630578385814556, 9.449907942100181 ], [ -5.629033507731837, 9.449013929610933 ], [ -5.629456316470256, 9.448188068477249 ], [ -5.630371046913967, 9.448063788232245 ], [ -5.630623105969575, 9.44984780680379 ] ] ] ] } },
{ "type": "Feature", "properties": { "feature_ro": "site_contour", "site_id": 139.0, "site_code": "g2m-0139", "site_name": "COLLEGE MODERNE GROBONOU", "region": "SAN-PEDRO", "ministere": "MENAET", "localite": "GROBONOU", "format": "A4-paysage", "echelle": 1800, "equipe": "EQUIPE 1", "basemap": "default", "echelle_A3": 1000 }, "geometry": { "type": "MultiPolygon", "coordinates": [ [ [ [ -6.411316394805908, 5.057472542418431 ], [ -6.410340070724488, 5.057371047657713 ], [ -6.41029715538025, 5.056302680790362 ], [ -6.412335634231568, 5.056324048144982 ], [ -6.412432193756104, 5.056820838941166 ], [ -6.412239074707032, 5.057306945695379 ], [ -6.411316394805908, 5.057472542418431 ] ] ] ] } },
{ "type": "Feature", "properties": { "feature_ro": "site_contour", "site_id": 141.0, "site_code": "g2m-0141", "site_name": "LYCEE MODERNE LUCIEN YEBARTH 1", "region": "SAN-PEDRO", "ministere": "MENAET", "localite": "SAN-PEDRO", "format": "A4-paysage", "echelle": 3100, "equipe": "EQUIPE 1", "basemap": "default", "echelle_A3": 1000 }, "geometry": { "type": "MultiPolygon", "coordinates": [ [ [ [ -6.683354446549828, 4.761817634285037 ], [ -6.68257304397844, 4.761999022336438 ], [ -6.681489944458009, 4.762202932858407 ], [ -6.679928898811341, 4.762801482373727 ], [ -6.679675026674829, 4.762906043847787 ], [ -6.679485365856539, 4.762369438098113 ], [ -6.679227427143649, 4.761326456710933 ], [ -6.679212254278184, 4.760676482003098 ], [ -6.679052939190802, 4.759640749719241 ], [ -6.678840519074306, 4.758537301218095 ], [ -6.679280532172763, 4.758461722488891 ], [ -6.679826755329469, 4.758348354379557 ], [ -6.680600571468135, 4.758204754747567 ], [ -6.682208895207303, 4.757977794206831 ], [ -6.683005470644154, 4.760660835897172 ], [ -6.683313846588136, 4.761715656371003 ], [ -6.683354446549828, 4.761817634285037 ] ] ] ] } },
{ "type": "Feature", "properties": { "feature_ro": "site_contour", "site_id": 145.0, "site_code": "g2m-0145", "site_name": "TPI DE SAN PEDRO", "region": "SAN-PEDRO", "ministere": "MJDH", "localite": "SAN-PEDRO", "format": "A4-paysage", "echelle": 1800, "equipe": "EQUIPE 1", "basemap": "default", "echelle_A3": 1000 }, "geometry": { "type": "MultiPolygon", "coordinates": [ [ [ [ -6.648375391960145, 4.760984134948499 ], [ -6.647554636001588, 4.760984131538894 ], [ -6.647104024887086, 4.761010852557868 ], [ -6.646728515625001, 4.761026885168744 ], [ -6.646776795387269, 4.759915289929382 ], [ -6.647157669067383, 4.759936666777855 ], [ -6.647586822509767, 4.759984764684449 ], [ -6.648412942886353, 4.760011485742226 ], [ -6.648375391960145, 4.760984134948499 ] ] ] ] } },
{ "type": "Feature", "properties": { "feature_ro": "site_contour", "site_id": 49.0, "site_code": "g2m-0049", "site_name": "TPI D'Aboisso", "region": "SUD-COMOE", "ministere": "MJDH", "localite": "ABOISSO", "format": "A4-paysage", "echelle": 800, "equipe": "EQUIPE 5", "basemap": "default", "echelle_A3": 1000 }, "geometry": { "type": "MultiPolygon", "coordinates": [ [ [ [ -3.206132191705912, 5.467996782907985 ], [ -3.205712132813245, 5.468409134298035 ], [ -3.205384051417981, 5.468083706205304 ], [ -3.205724336359057, 5.467753996575524 ], [ -3.205819395558008, 5.467793818672384 ], [ -3.205902251211149, 5.467835567644897 ], [ -3.205983179988635, 5.467886950995682 ], [ -3.206045482301462, 5.46792934226008 ], [ -3.206132191705912, 5.467996782907985 ] ] ] ] } },
{ "type": "Feature", "properties": { "feature_ro": "site_contour", "site_id": 50.0, "site_code": "g2m-0050", "site_name": "TPI DE Grand-Bassam", "region": "SUD-COMOE", "ministere": "MJDH", "localite": "GRAND-BASSAM", "format": "A4-paysage", "echelle": 1800, "equipe": "EQUIPE 1", "basemap": "default", "echelle_A3": 1000 }, "geometry": { "type": "MultiPolygon", "coordinates": [ [ [ [ -3.737976704964348, 5.195722512844354 ], [ -3.737151414830695, 5.195625373481288 ], [ -3.737208836652553, 5.19535115065483 ], [ -3.737553803105736, 5.195385494622654 ], [ -3.737576800869289, 5.195167982794826 ], [ -3.738033881419738, 5.195233808750643 ], [ -3.737976704964348, 5.195722512844354 ] ] ] ] } },
{ "type": "Feature", "properties": { "feature_ro": "ver 1_added_at_20260626", "site_id": 45.0, "site_code": "g2m-0045", "site_name": "ADIAKE", "region": "SUD-COMOE", "ministere": "MSHPCMU", "localite": "ADIAKE", "format": "A4-paysage", "echelle": 1800, "equipe": "EQUIPE 2", "basemap": "default", "echelle_A3": 1000 }, "geometry": { "type": "MultiPolygon", "coordinates": [ [ [ [ -3.299473164233988, 5.285954633529742 ], [ -3.297847394327914, 5.285615910738236 ], [ -3.298078064303194, 5.284483849967519 ], [ -3.299719416702585, 5.284803688630977 ], [ -3.299473164233988, 5.285954633529742 ] ] ] ] } },
{ "type": "Feature", "properties": { "feature_ro": "site_contour", "site_id": 46.0, "site_code": "g2m-0046", "site_name": "GRAND-BASSAM", "region": "SUD-COMOE", "ministere": "MSHPCMU", "localite": "GRAND-BASSAM", "format": "A4-paysage", "echelle": 1800, "equipe": "EQUIPE 1", "basemap": "default", "echelle_A3": 1000 }, "geometry": { "type": "MultiPolygon", "coordinates": [ [ [ [ -3.736173265621286, 5.20879993935244 ], [ -3.734807707729523, 5.208108867379455 ], [ -3.735259100477082, 5.207213871400106 ], [ -3.73585084223018, 5.207013724445591 ], [ -3.736727075210713, 5.207489545402955 ], [ -3.736173265621286, 5.20879993935244 ] ] ] ] } },
{ "type": "Feature", "properties": { "feature_ro": "site_contour", "site_id": 47.0, "site_code": "g2m-0047", "site_name": "TIAPOUM", "region": "SUD-COMOE", "ministere": "MSHPCMU", "localite": "TIAPOUM", "format": "A4-paysage", "echelle": 1800, "equipe": "EQUIPE 2", "basemap": "default", "echelle_A3": 1000 }, "geometry": { "type": "MultiPolygon", "coordinates": [ [ [ [ -3.024158477783204, 5.136412846415531 ], [ -3.023133873939515, 5.136017599514417 ], [ -3.023622035980225, 5.134607527492281 ], [ -3.024609088897705, 5.13490663393939 ], [ -3.024898767471314, 5.135237787342159 ], [ -3.024523258209229, 5.135622352368236 ], [ -3.024158477783204, 5.136412846415531 ] ] ] ] } },
{ "type": "Feature", "properties": { "feature_ro": "site_contour", "site_id": 165.0, "site_code": "g2m-0165", "site_name": "TPI DE DANANE", "region": "TONKPI", "ministere": "MJDH", "localite": "DANANE", "format": "A4-paysage", "echelle": 1000, "equipe": "EQUIPE 2", "basemap": "default", "echelle_A3": 1000 }, "geometry": { "type": "MultiPolygon", "coordinates": [ [ [ [ -8.151505802585199, 7.261398878152534 ], [ -8.151183365241634, 7.261934674023601 ], [ -8.150460059849273, 7.261532827180146 ], [ -8.149963332049699, 7.261264929084987 ], [ -8.149976403833895, 7.261096412459473 ], [ -8.150830427068247, 7.261053203058134 ], [ -8.151370727481815, 7.261347026905294 ], [ -8.151505802585199, 7.261398878152534 ] ] ] ] } },
{ "type": "Feature", "properties": { "feature_ro": "site_contour", "site_id": 164.0, "site_code": "g2m-0164", "site_name": "TPI DE MAN", "region": "TONKPI", "ministere": "MJDH", "localite": "MAN", "format": "A4-paysage", "echelle": 900, "equipe": "EQUIPE 2", "basemap": "default", "echelle_A3": 1000 }, "geometry": { "type": "MultiPolygon", "coordinates": [ [ [ [ -7.554749291085462, 7.407848276801877 ], [ -7.554739536343059, 7.407892616540066 ], [ -7.554728894805894, 7.407924541151562 ], [ -7.55469785698916, 7.408008786654123 ], [ -7.55455286604528, 7.40850184454279 ], [ -7.554278846463269, 7.408289013799481 ], [ -7.553894519805909, 7.408004924786214 ], [ -7.553959156950927, 7.407897715609955 ], [ -7.553997732523151, 7.407885300483263 ], [ -7.554043845850869, 7.40786845138275 ], [ -7.554069562899018, 7.40785470606391 ], [ -7.554091732768113, 7.407868007985367 ], [ -7.554137402698448, 7.407816130491686 ], [ -7.554118780008409, 7.407786866264481 ], [ -7.554125874366517, 7.407687545250938 ], [ -7.554152034812049, 7.407655177242059 ], [ -7.554166223528267, 7.407635002661182 ], [ -7.554297912550693, 7.4074680635469 ], [ -7.554661941801228, 7.407770017163972 ], [ -7.554749291085462, 7.407848276801877 ] ] ] ] } },
{ "type": "Feature", "properties": { "feature_ro": "ver 2_added_at_20260629", "site_id": 95.0, "site_code": "g2m-0095", "site_name": "COLLEGE MODERNE DE KOMBORODOUGOU", "region": "PORO", "ministere": "MENAET", "localite": "KOMBORODOUGOU", "format": "A4-paysage", "echelle": 1800, "equipe": "EQUIPE 4", "basemap": "default", "echelle_A3": 1000 }, "geometry": { "type": "MultiPolygon", "coordinates": [ [ [ [ -5.428194403854383, 9.329275326042033 ], [ -5.427829527021736, 9.328879765644789 ], [ -5.42796769729292, 9.328758054663078 ], [ -5.428331232666624, 9.329166844639948 ], [ -5.428194403854383, 9.329275326042033 ] ] ] ] } },
{ "type": "Feature", "properties": { "feature_ro": "ver 2_added_at_20260629", "site_id": 97.0, "site_code": "g2m-0097", "site_name": "COLLEGE MODERNE DE LATAHA", "region": "PORO", "ministere": "MENAET", "localite": "LATAHA", "format": "A4-paysage", "echelle": 600, "equipe": "EQUIPE 4", "basemap": "default", "echelle_A3": 1000 }, "geometry": { "type": "MultiPolygon", "coordinates": [ [ [ [ -5.597325355195311, 9.570434932737067 ], [ -5.597645571597069, 9.570514100632222 ], [ -5.597625797790351, 9.570590005279168 ], [ -5.597640707772715, 9.570593690485282 ], [ -5.597621782967252, 9.570664279506449 ], [ -5.597700239301924, 9.570686528317774 ], [ -5.597693882498688, 9.570710951824944 ], [ -5.597701410291993, 9.570713293805083 ], [ -5.597668455285752, 9.570842855492085 ], [ -5.597583642147836, 9.570823701440233 ], [ -5.597568586561224, 9.570882920080903 ], [ -5.597558549503484, 9.570880578100763 ], [ -5.597537471682228, 9.570958198013958 ], [ -5.597514570282649, 9.570952749891532 ], [ -5.597484747484939, 9.570945655204918 ], [ -5.59721963152044, 9.570882585512308 ], [ -5.597203237659463, 9.570958198013955 ], [ -5.596960006293545, 9.570904667039335 ], [ -5.597106547336562, 9.570281700322223 ], [ -5.597346767585158, 9.570335900434024 ], [ -5.597325355195311, 9.570434932737067 ] ] ] ] } },
{ "type": "Feature", "properties": { "feature_ro": "ver 2_added_at_20260629", "site_id": 98.0, "site_code": "g2m-0098", "site_name": "COLLEGE MODERNE DE LAVONONKAHA", "region": "PORO", "ministere": "MENAET", "localite": "LAVONONKAHA", "format": "A4-paysage", "echelle": 1800, "equipe": "EQUIPE 4", "basemap": "default", "echelle_A3": 1000 }, "geometry": { "type": "MultiPolygon", "coordinates": [ [ [ [ -5.540133791430957, 9.368792990909975 ], [ -5.539810091612848, 9.369108929434931 ], [ -5.539519422388437, 9.368809276407974 ], [ -5.539443452022979, 9.368884189688959 ], [ -5.539258480698362, 9.368701792107023 ], [ -5.539737424306756, 9.368255569047374 ], [ -5.539912486453275, 9.368421681348265 ], [ -5.539839819147183, 9.368499851815285 ], [ -5.540133791430957, 9.368792990909975 ] ] ] ] } },
{ "type": "Feature", "properties": { "feature_ro": "ver 2_added_at_20260629", "site_id": 129.0, "site_code": "g2m-0129", "site_name": "DIKODOUGOU", "region": "PORO", "ministere": "MSHPCMU", "localite": "DIKODOUGOU", "format": "A4-paysage", "echelle": 1800, "equipe": "EQUIPE 4", "basemap": "default", "echelle_A3": 1000 }, "geometry": { "type": "MultiPolygon", "coordinates": [ [ [ [ -5.772554335100748, 9.070687001375159 ], [ -5.773372826191829, 9.069611441678715 ], [ -5.774651674902818, 9.070527004825582 ], [ -5.77430191913439, 9.071559756278363 ], [ -5.772554335100748, 9.070687001375159 ] ] ] ] } },
{ "type": "Feature", "properties": { "feature_ro": "ver 2_added_at_20260629", "site_id": 133.0, "site_code": "g2m-0133", "site_name": "Hôpital Général de SINEMATIALI", "region": "PORO", "ministere": "MSHPCMU", "localite": "SINEMATIALI", "format": "A4-paysage", "echelle": 1000, "equipe": "EQUIPE 4", "basemap": "default", "echelle_A3": 1000 }, "geometry": { "type": "MultiPolygon", "coordinates": [ [ [ [ -5.38510017935632, 9.586965404096441 ], [ -5.383621257939048, 9.587502767851221 ], [ -5.383380347662934, 9.586808143221758 ], [ -5.383847445920516, 9.586624783733823 ], [ -5.38471338452411, 9.586326991864729 ], [ -5.384900759183313, 9.586440755050672 ], [ -5.38510017935632, 9.586965404096441 ] ] ] ] } },
{ "type": "Feature", "properties": { "feature_ro": "ver 2_added_at_20260629", "site_id": 146.0, "site_code": "g2m-0146", "site_name": "TPI DE TABOU", "region": "SAN-PEDRO", "ministere": "MJDH", "localite": "TABOU", "format": "A4-paysage", "echelle": 1800, "equipe": "EQUIPE 1", "basemap": "default", "echelle_A3": 1000 }, "geometry": { "type": "MultiPolygon", "coordinates": [ [ [ [ -7.354850775834839, 4.41923642211809 ], [ -7.354196143870363, 4.418760559998367 ], [ -7.354671020336393, 4.418319451580929 ], [ -7.354781019969774, 4.4182579637201 ], [ -7.355274676861, 4.41878996721687 ], [ -7.35487492209581, 4.419198994771429 ], [ -7.354850775834839, 4.41923642211809 ] ] ] ] } },
{ "type": "Feature", "properties": { "feature_ro": "ver 2_added_at_20260629", "site_id": 148.0, "site_code": "g2m-0148", "site_name": "DR-MSHPCMU/CHR", "region": "SAN-PEDRO", "ministere": "MSHPCMU", "localite": "SAN-PEDRO", "format": "A4-paysage", "echelle": 1800, "equipe": "EQUIPE 1", "basemap": "default", "echelle_A3": 1000 }, "geometry": { "type": "MultiPolygon", "coordinates": [ [ [ [ -6.637995693915294, 4.746235757156164 ], [ -6.636368306227027, 4.747899074226751 ], [ -6.636310796442396, 4.747955895271448 ], [ -6.636249498588119, 4.748017881865662 ], [ -6.636208518561943, 4.748049563902705 ], [ -6.636169604755576, 4.748075391650294 ], [ -6.636137578348565, 4.748089166449008 ], [ -6.636112439340912, 4.748097431328235 ], [ -6.636089022183097, 4.748102941247721 ], [ -6.636058373255959, 4.748104318727592 ], [ -6.636028413068756, 4.748102252507785 ], [ -6.635962294034927, 4.748095365108428 ], [ -6.63594576427647, 4.748092610148685 ], [ -6.635903751140392, 4.748082967789585 ], [ -6.635877579022835, 4.748076769130164 ], [ -6.635796307710422, 4.748057484411964 ], [ -6.635744652215243, 4.748036133473957 ], [ -6.635706082778841, 4.748012027576206 ], [ -6.635615169107328, 4.74794590854238 ], [ -6.634569935272354, 4.746943783465458 ], [ -6.634537740257699, 4.746850257985003 ], [ -6.634543106093474, 4.746818192103045 ], [ -6.634553837765027, 4.746780781905579 ], [ -6.636493275121299, 4.744770505865915 ], [ -6.637912326008456, 4.746146451772004 ], [ -6.637995693915294, 4.746235757156164 ] ] ] ] } },
{ "type": "Feature", "properties": { "feature_ro": "ver 2_added_at_20260629", "site_id": 149.0, "site_code": "g2m-0149", "site_name": "DR-TABOU", "region": "SAN-PEDRO", "ministere": "MSHPCMU", "localite": "TABOU", "format": "A4-paysage", "echelle": 1800, "equipe": "EQUIPE 1", "basemap": "default", "echelle_A3": 1000 }, "geometry": { "type": "MultiPolygon", "coordinates": [ [ [ [ -7.357478607168073, 4.417677991441236 ], [ -7.357572272733816, 4.417779714259944 ], [ -7.35758738008313, 4.417801871705604 ], [ -7.357591408709613, 4.417823021994643 ], [ -7.35758838723975, 4.417835107874093 ], [ -7.357585365769888, 4.417847193753544 ], [ -7.357572272733816, 4.417861293946237 ], [ -7.357549108131536, 4.41787539413893 ], [ -7.357047544134333, 4.418050639390964 ], [ -7.3564674219207, 4.418260127968108 ], [ -7.356360467663687, 4.417547300879716 ], [ -7.356251852370928, 4.416380721741116 ], [ -7.356249876090588, 4.416253871979298 ], [ -7.356743382834823, 4.416231714533638 ], [ -7.35685215574988, 4.416278043738199 ], [ -7.356971000231145, 4.416336458822211 ], [ -7.357031429628398, 4.416423074291608 ], [ -7.357057615700541, 4.416509689761003 ], [ -7.357178474495048, 4.417170384504308 ], [ -7.357212717820156, 4.417285703937397 ], [ -7.357299333289554, 4.417448359731673 ], [ -7.357478607168073, 4.417677991441236 ] ] ] ] } },
{ "type": "Feature", "properties": { "feature_ro": "ver 2_added_at_20260629", "site_id": 150.0, "site_code": "g2m-0150", "site_name": "COLLEGE MODERNE MOUSSA KONE DE MAN", "region": "TONKPI", "ministere": "MENAET", "localite": "MAN", "format": "A4-paysage", "echelle": 1500, "equipe": "EQUIPE 2", "basemap": "default", "echelle_A3": 1000 }, "geometry": { "type": "MultiPolygon", "coordinates": [ [ [ [ -7.52919475693771, 7.399579488266268 ], [ -7.527754477583131, 7.399195216202529 ], [ -7.527232894936206, 7.399063832694875 ], [ -7.527251664008728, 7.398974926561876 ], [ -7.527477880724912, 7.398119451993245 ], [ -7.527582592392665, 7.398077962464511 ], [ -7.527613215616254, 7.397958433107924 ], [ -7.527546042093543, 7.397883356817837 ], [ -7.527729781435074, 7.397215572974424 ], [ -7.528553644934195, 7.397448704612066 ], [ -7.528962613145987, 7.397565270430887 ], [ -7.529676825747744, 7.397746046234651 ], [ -7.529294529375854, 7.39920015543214 ], [ -7.52919475693771, 7.399579488266268 ] ] ] ] } },
{ "type": "Feature", "properties": { "feature_ro": "ver 2_added_at_20260629", "site_id": 151.0, "site_code": "g2m-0151", "site_name": "LYCEE MODERNE LAMBERT DAN ZOUMANAN DE LOGOUALE", "region": "TONKPI", "ministere": "MENAET", "localite": "LOGOUALE", "format": "A4-paysage", "echelle": 1500, "equipe": "EQUIPE 2", "basemap": "default", "echelle_A3": 1000 }, "geometry": { "type": "MultiPolygon", "coordinates": [ [ [ [ -7.556754542881778, 7.125468868480959 ], [ -7.555407718102416, 7.125931820528651 ], [ -7.555295035551145, 7.125697683919301 ], [ -7.554790646988348, 7.125873286387531 ], [ -7.554608208572033, 7.125160233522684 ], [ -7.555531132325216, 7.1247611362858 ], [ -7.555268206372267, 7.123856514595754 ], [ -7.556271617662083, 7.123579806428157 ], [ -7.556696881334935, 7.125249736439509 ], [ -7.556754542881778, 7.125468868480959 ] ] ] ] } },
{ "type": "Feature", "properties": { "feature_ro": "ver 2_added_at_20260629", "site_id": 157.0, "site_code": "g2m-0157", "site_name": "District Sanitaire de Bloléquin", "region": "CAVALLY", "ministere": "MSHPCMU", "localite": "BLOLEQUIN", "format": "A4-paysage", "echelle": 800, "equipe": "EQUIPE 2", "basemap": "default", "echelle_A3": 1000 }, "geometry": { "type": "MultiPolygon", "coordinates": [ [ [ [ -8.003072805675721, 6.56994754579677 ], [ -8.002912161266169, 6.569934642631347 ], [ -8.002711517043796, 6.569907545983953 ], [ -8.00282700037436, 6.569188839669728 ], [ -8.003126353812242, 6.569245613597603 ], [ -8.003108934538915, 6.569548192826838 ], [ -8.003072805675721, 6.56994754579677 ] ] ] ] } },
{ "type": "Feature", "properties": { "feature_ro": "ver 2_added_at_20260629", "site_id": 158.0, "site_code": "g2m-0158", "site_name": "CENTRE HOSPITALIER REGIONAL GUIGLO", "region": "CAVALLY", "ministere": "MSHPCMU", "localite": "GUIGLO", "format": "A4-paysage", "echelle": 1000, "equipe": "EQUIPE 2", "basemap": "default", "echelle_A3": 1000 }, "geometry": { "type": "MultiPolygon", "coordinates": [ [ [ [ -7.481497021077727, 6.544635633200515 ], [ -7.481432241211828, 6.544320517581647 ], [ -7.481400400260792, 6.544329301292277 ], [ -7.481340561232122, 6.54401034280001 ], [ -7.481252724125819, 6.544019675492555 ], [ -7.481290054895998, 6.543852236008663 ], [ -7.481340012250209, 6.543711696638575 ], [ -7.481359775599127, 6.543682051615197 ], [ -7.481388322658676, 6.54364087797162 ], [ -7.481458043361805, 6.543572255232317 ], [ -7.48153599879365, 6.54353382649831 ], [ -7.481693007621169, 6.543523944823851 ], [ -7.482077294961248, 6.543477830343041 ], [ -7.482292495871693, 6.543470144596239 ], [ -7.482976527337037, 6.543481124234527 ], [ -7.482976527337037, 6.543543708172769 ], [ -7.483011662179559, 6.543664484193939 ], [ -7.483014956071045, 6.544071828774425 ], [ -7.483018249962532, 6.544492348920855 ], [ -7.482789873486141, 6.544483565210223 ], [ -7.482627374839478, 6.544472585571936 ], [ -7.482266288977205, 6.544471625533959 ], [ -7.48210254812931, 6.544463801861305 ], [ -7.48186538794229, 6.544523091908061 ], [ -7.481699046422227, 6.544570853334616 ], [ -7.481565094835113, 6.544615869851596 ], [ -7.481497021077727, 6.544635633200515 ] ] ] ] } },
{ "type": "Feature", "properties": { "feature_ro": "ver 2_added_at_20260629", "site_id": 161.0, "site_code": "g2m-0161", "site_name": "HOPITAL GENERAL DE BIANKOUMA", "region": "TONKPI", "ministere": "MSHPCMU", "localite": "BIANKOUMA", "format": "A4-paysage", "echelle": 1200, "equipe": "EQUIPE 2", "basemap": "default", "echelle_A3": 1000 }, "geometry": { "type": "MultiPolygon", "coordinates": [ [ [ [ -7.622020393474503, 7.747729922652658 ], [ -7.622036605924366, 7.747798382859496 ], [ -7.622361929371448, 7.748865555233163 ], [ -7.621536474847014, 7.749123287023592 ], [ -7.621239617201569, 7.749461559759108 ], [ -7.621076955478018, 7.74934477515493 ], [ -7.620694700427763, 7.749570290223509 ], [ -7.620178249455558, 7.748180954398769 ], [ -7.622020393474503, 7.747729922652658 ] ] ] ] } },
{ "type": "Feature", "properties": { "feature_ro": "ver 2_added_at_20260629", "site_id": 162.0, "site_code": "g2m-0162", "site_name": "HOPITAL GENERAL DE DANANE", "region": "MAN", "ministere": "MSHPCMU", "localite": "DANANE", "format": "A4-paysage", "echelle": 1800, "equipe": "EQUIPE 2", "basemap": "default", "echelle_A3": 1000 }, "geometry": { "type": "MultiPolygon", "coordinates": [ [ [ [ -8.118756115489473, 7.263811115503509 ], [ -8.11858847808144, 7.263380465827008 ], [ -8.118239452902044, 7.263149342698993 ], [ -8.118058650252536, 7.263015934918772 ], [ -8.117943966371293, 7.26292992200784 ], [ -8.117852687363774, 7.2628614627522 ], [ -8.117590552778083, 7.262771353988367 ], [ -8.117333684288974, 7.262386928937474 ], [ -8.117454219388646, 7.26231174078064 ], [ -8.117394829521572, 7.262099048990684 ], [ -8.117238894550395, 7.261828430138264 ], [ -8.117333976849894, 7.261644116757696 ], [ -8.117345094164914, 7.261539965069629 ], [ -8.117553397541048, 7.261531773363825 ], [ -8.117557493393949, 7.261294213895537 ], [ -8.118243016994535, 7.261085128436647 ], [ -8.118367887146604, 7.261012770289017 ], [ -8.118638213438105, 7.261129794657632 ], [ -8.119398286712258, 7.261680394311965 ], [ -8.119505949131382, 7.262095830820545 ], [ -8.119555391927122, 7.262695288148775 ], [ -8.119521162299309, 7.263069181006499 ], [ -8.119101922498729, 7.263640845047172 ], [ -8.11912123151955, 7.26374148600418 ], [ -8.119047798728243, 7.263755528928415 ], [ -8.119038436778755, 7.263710474546498 ], [ -8.1188786985156, 7.263746166978926 ], [ -8.118824282184194, 7.263758454537631 ], [ -8.118833936694603, 7.263799413066648 ], [ -8.118756115489473, 7.263811115503509 ] ] ] ] } },
{ "type": "Feature", "properties": { "feature_ro": "ver 2_added_at_20260629", "site_id": 163.0, "site_code": "g2m-0163b", "site_name": "CENTRE HOSPITALIER REGIONAL MAN (NOUVEAU)", "region": "TONKPI", "ministere": "MSHPCMU", "localite": "MAN", "format": "A4-paysage", "echelle": 2100, "equipe": "EQUIPE 2", "basemap": "default", "echelle_A3": 1000 }, "geometry": { "type": "MultiPolygon", "coordinates": [ [ [ [ -7.577509677824524, 7.382295249466807 ], [ -7.576827371089423, 7.382888623059097 ], [ -7.57667574737051, 7.383018013492301 ], [ -7.575913983975008, 7.383675171100954 ], [ -7.575766734017217, 7.383510426098674 ], [ -7.57562385782055, 7.383320896450033 ], [ -7.57547879474332, 7.383153964567191 ], [ -7.575187939628674, 7.382842698567304 ], [ -7.575009344382837, 7.382640776595483 ], [ -7.574660172453227, 7.382262446258388 ], [ -7.576241287099005, 7.380878150863122 ], [ -7.576820081487547, 7.380388289617404 ], [ -7.576882772063636, 7.380620098956896 ], [ -7.57695129432122, 7.380828581570402 ], [ -7.577349306583366, 7.381904526806531 ], [ -7.577509677824524, 7.382295249466807 ] ] ] ] } },
{ "type": "Feature", "properties": { "feature_ro": "ver 2_added_at_20260629", "site_id": 166.0, "site_code": "g2m-0166", "site_name": "TPI DE GUIGLO", "region": "CAVALLY", "ministere": "MJDH", "localite": "GUIGLO", "format": "A4-paysage", "echelle": 900, "equipe": "EQUIPE 2", "basemap": "default", "echelle_A3": 1000 }, "geometry": { "type": "MultiPolygon", "coordinates": [ [ [ [ -7.504206033148513, 6.541165248596985 ], [ -7.503782467824385, 6.541367283939875 ], [ -7.503511315127349, 6.540796622708203 ], [ -7.50407488739962, 6.540529014490867 ], [ -7.504206033148513, 6.541165248596985 ] ] ] ] } },
{ "type": "Feature", "properties": { "feature_ro": "ver 2_added_at_20260629", "site_id": 191.0, "site_code": "g2m-0191", "site_name": "BUYO", "region": "NAWA", "ministere": "MSHPCMU", "localite": "BUYO", "format": "A4-paysage", "echelle": 1800, "equipe": "EQUIPE X", "basemap": "default", "echelle_A3": 1000 }, "geometry": { "type": "MultiPolygon", "coordinates": [ [ [ [ -7.011776666341788, 6.247494154773571 ], [ -7.012279819773167, 6.247504102507633 ], [ -7.012347407547503, 6.247509076374573 ], [ -7.01234991079841, 6.24757622357395 ], [ -7.012547667619709, 6.24761601450284 ], [ -7.012745424441007, 6.247640883831872 ], [ -7.012727901684682, 6.248173087189635 ], [ -7.01179669234902, 6.248100966205566 ], [ -7.011779169592694, 6.247563788908053 ], [ -7.011776666341788, 6.247494154773571 ] ] ] ] } },
{ "type": "Feature", "properties": { "feature_ro": "ver 2_added_at_20260629", "site_id": 202.0, "site_code": "g2m-0202", "site_name": "CENTRE HOSPITALIER REGIONAL DE DALOA", "region": "HAUT-SASSANDRA", "ministere": "MSHPCMU", "localite": "DALOA", "format": "A4-paysage", "echelle": 3200, "equipe": "EQUIPE 6", "basemap": "default", "echelle_A3": 1000 }, "geometry": { "type": "MultiPolygon", "coordinates": [ [ [ [ -6.438506668887761, 6.885037656914502 ], [ -6.438088736961936, 6.885142401758066 ], [ -6.437612147923711, 6.885300566471851 ], [ -6.436915594714002, 6.883067406407031 ], [ -6.436496615339739, 6.881704675992242 ], [ -6.436579363766156, 6.881679537229785 ], [ -6.436570984178672, 6.881653351018894 ], [ -6.437165411165907, 6.881477903405922 ], [ -6.437665044069714, 6.881310311656217 ], [ -6.438051552542473, 6.881199282122037 ], [ -6.438281991198316, 6.881127008179978 ], [ -6.438952358197135, 6.880913328699104 ], [ -6.439897680410314, 6.880651990314408 ], [ -6.440526673195925, 6.880468686838168 ], [ -6.441557362456611, 6.880198445141768 ], [ -6.441878929126358, 6.88037441647896 ], [ -6.441906162785685, 6.880479161322524 ], [ -6.441927111754397, 6.880556672506764 ], [ -6.44195539286216, 6.880654085211281 ], [ -6.442802778646607, 6.883767101962049 ], [ -6.441840697258457, 6.884041533452192 ], [ -6.438932737448809, 6.884916085988894 ], [ -6.438506668887761, 6.885037656914502 ] ] ] ] } },
{ "type": "Feature", "properties": { "feature_ro": "ver 2_added_at_20260629", "site_id": 203.0, "site_code": "g2m-0203", "site_name": "HOPITAL GENERAL DE  ISSIA", "region": "HAUT-SASSANDRA", "ministere": "MSHPCMU", "localite": "ISSIA", "format": "A4-paysage", "echelle": 1500, "equipe": "EQUIPE 6", "basemap": "default", "echelle_A3": 1000 }, "geometry": { "type": "MultiPolygon", "coordinates": [ [ [ [ -6.586471152551564, 6.499009025386696 ], [ -6.585680471057157, 6.499099839620855 ], [ -6.585427514651955, 6.499134134615604 ], [ -6.585134215672191, 6.499205517995404 ], [ -6.584613753757146, 6.499411102072602 ], [ -6.584142282889959, 6.499542491131939 ], [ -6.583998508880261, 6.499448265131607 ], [ -6.583987006959505, 6.499411145793321 ], [ -6.584444208310284, 6.498406067283792 ], [ -6.584713737490378, 6.497847709945448 ], [ -6.584787773993919, 6.497822326001377 ], [ -6.584839337526071, 6.497841013990411 ], [ -6.584927873816349, 6.497871651472678 ], [ -6.585068727005422, 6.497891632438372 ], [ -6.585212263112382, 6.497898292760096 ], [ -6.585351318172948, 6.497902220971342 ], [ -6.585441807720603, 6.497890473732697 ], [ -6.585591332690669, 6.497856209622101 ], [ -6.585793976169886, 6.49776339002787 ], [ -6.585935527896865, 6.497688538700428 ], [ -6.586193659670401, 6.497562331655183 ], [ -6.586256417798417, 6.497527892396135 ], [ -6.586282842273344, 6.497527892396135 ], [ -6.586291099921769, 6.497552491867125 ], [ -6.586376979465346, 6.498211757241295 ], [ -6.586471152551564, 6.499009025386696 ] ] ] ] } },
{ "type": "Feature", "properties": { "feature_ro": "ver 2_added_at_20260629", "site_id": 204.0, "site_code": "g2m-0204", "site_name": "HOPITAL GENERAL DE VAVOUA", "region": "HAUT-SASSANDRA", "ministere": "MSHPCMU", "localite": "VAVOUA", "format": "A4-paysage", "echelle": 1600, "equipe": "EQUIPE 6", "basemap": "default", "echelle_A3": 1000 }, "geometry": { "type": "MultiPolygon", "coordinates": [ [ [ [ -6.480048351544473, 7.391131413912474 ], [ -6.47961416546235, 7.391101870266543 ], [ -6.479179451815123, 7.391074436881039 ], [ -6.478522105693224, 7.391037507323628 ], [ -6.478973701423838, 7.389900076955399 ], [ -6.479136191476442, 7.389507040951535 ], [ -6.479199499289145, 7.389346661159355 ], [ -6.479289712922246, 7.389127721640423 ], [ -6.479400501594474, 7.388868687173448 ], [ -6.479539251217316, 7.388629700180495 ], [ -6.479773490124317, 7.388642889308141 ], [ -6.479995067468777, 7.38866082652174 ], [ -6.480199235164743, 7.388673488084281 ], [ -6.480085281101879, 7.390488312048433 ], [ -6.480048351544473, 7.391131413912474 ] ] ] ] } },
{ "type": "Feature", "properties": { "feature_ro": "ver 2_added_at_20260629", "site_id": 205.0, "site_code": "g2m-0205", "site_name": "HOPITAL GENERAL DE ZOUKOUGBEU", "region": "HAUT-SASSANDRA", "ministere": "MSHPCMU", "localite": "ZOUKOUGBEU", "format": "A4-paysage", "echelle": 1200, "equipe": "EQUIPE 6", "basemap": "default", "echelle_A3": 1000 }, "geometry": { "type": "MultiPolygon", "coordinates": [ [ [ [ -6.860762010056972, 6.770132913336885 ], [ -6.859455701579183, 6.770586141306854 ], [ -6.858995484500298, 6.769310777793521 ], [ -6.860280552189818, 6.768850521813804 ], [ -6.860719528480436, 6.769992377445793 ], [ -6.860762010056972, 6.770132913336885 ] ] ] ] } },
{ "type": "Feature", "properties": { "feature_ro": "ver 3_added_at_20260630", "site_id": 38.0, "site_code": "g2m-0038", "site_name": "LYCEE MODERNE 1 ADZOPE", "region": "ME", "ministere": "MENAET", "localite": "ADZOPE", "format": "A4-paysage", "echelle": 2500, "equipe": "EQUIPE 3", "basemap": "default", "echelle_A3": 1000 }, "geometry": { "type": "MultiPolygon", "coordinates": [ [ [ [ -3.864279437521316, 6.111633136334383 ], [ -3.864179885327989, 6.11181120850596 ], [ -3.864039868111036, 6.112084276909171 ], [ -3.863974387422512, 6.112213845080083 ], [ -3.86395220418375, 6.112249841205507 ], [ -3.863734314137544, 6.112328618015141 ], [ -3.863327939774093, 6.112170655689781 ], [ -3.863036759691076, 6.112113534238088 ], [ -3.862618461214943, 6.112046284134191 ], [ -3.861548819169965, 6.112006895710031 ], [ -3.860961176318126, 6.112046284134191 ], [ -3.860631039884495, 6.111855906723936 ], [ -3.860538601683082, 6.111626140793772 ], [ -3.86009639813507, 6.111083954901495 ], [ -3.860220393481427, 6.110716845083912 ], [ -3.860414049134725, 6.110125429077978 ], [ -3.860564515397718, 6.109675423495134 ], [ -3.86065925341516, 6.109576505859278 ], [ -3.860743286271939, 6.109525419143973 ], [ -3.861888757832678, 6.109638503532445 ], [ -3.862770657318559, 6.109687265747305 ], [ -3.863461687563419, 6.109748566817416 ], [ -3.86384342604546, 6.109784790177026 ], [ -3.864378417202772, 6.109848877659412 ], [ -3.864382596821188, 6.109901819492688 ], [ -3.864586701520528, 6.109939436058435 ], [ -3.864279437521316, 6.111633136334383 ] ] ] ] } },
{ "type": "Feature", "properties": { "feature_ro": "ver 2_added_at_20260629", "site_id": 163.0, "site_code": "g2m-0163", "site_name": "CENTRE HOSPITALIER REGIONAL MAN", "region": "TONKPI", "ministere": "MSHPCMU", "localite": "MAN", "format": "A4-paysage", "echelle": 1900, "equipe": "EQUIPE 2", "basemap": "default", "echelle_A3": 1000 }, "geometry": { "type": "MultiPolygon", "coordinates": [ [ [ [ -7.549455354014554, 7.406357076331481 ], [ -7.548879447606547, 7.407076456950291 ], [ -7.548421193721643, 7.407581916237999 ], [ -7.548284220987799, 7.407716304580639 ], [ -7.548226718283496, 7.407774453382745 ], [ -7.548120758244107, 7.407910133920987 ], [ -7.548092976038657, 7.407885582204544 ], [ -7.5480051067377, 7.407815803642019 ], [ -7.547691749304141, 7.407574809162188 ], [ -7.547515041555522, 7.407434605939339 ], [ -7.547173982678745, 7.407174067001029 ], [ -7.547197565248487, 7.407145315648878 ], [ -7.547155891940314, 7.407108165025313 ], [ -7.547119710463453, 7.407062938179234 ], [ -7.546971431018092, 7.406937272156912 ], [ -7.546870962810018, 7.406839711388939 ], [ -7.5466916706702, 7.406686586210069 ], [ -7.546579895750603, 7.406593548126706 ], [ -7.54650914804138, 7.406533461031198 ], [ -7.546486381141677, 7.406563462280679 ], [ -7.546454552777182, 7.406546706036118 ], [ -7.546413202517908, 7.406525707857582 ], [ -7.546383805067956, 7.406503740532342 ], [ -7.546343100906484, 7.406467559055478 ], [ -7.546288182593387, 7.406413932937983 ], [ -7.546298520158206, 7.40640036488416 ], [ -7.546131180827711, 7.406260161661312 ], [ -7.546871025717095, 7.405356750938841 ], [ -7.547043470922915, 7.4051740712576 ], [ -7.54716687560293, 7.405027407056743 ], [ -7.547258621490692, 7.404916924332747 ], [ -7.547433067897, 7.404834869912002 ], [ -7.547798759252443, 7.40512302953131 ], [ -7.548187710128723, 7.405416357933025 ], [ -7.548493960486463, 7.40565799851065 ], [ -7.5487989186486, 7.405908684457492 ], [ -7.548866112819915, 7.405825983938946 ], [ -7.549009546531767, 7.405924190804718 ], [ -7.549112922179949, 7.405783341484071 ], [ -7.549267985652222, 7.405900931283877 ], [ -7.549121967549167, 7.406138695274697 ], [ -7.549455354014554, 7.406357076331481 ] ] ] ] } },
{ "type": "Feature", "properties": { "feature_ro": "site_contour", "site_id": 201.0, "site_code": "g2m-0201", "site_name": "Collège Moderne de Bouandougou", "region": "BERE", "ministere": "MENAET", "localite": "Bouandougou", "format": "A4-Paysage", "echelle": 1250, "equipe": "EQUIPE 6", "basemap": "default", "echelle_A3": 1000 }, "geometry": { "type": "MultiPolygon", "coordinates": [ [ [ [ -5.656415819552489, 8.204853473026585 ], [ -5.655822433505357, 8.20425100097402 ], [ -5.655363240769237, 8.203775034074024 ], [ -5.656317970263209, 8.20284267013189 ], [ -5.656710066343822, 8.203249443605895 ], [ -5.656596840737655, 8.203357077824101 ], [ -5.657261516981263, 8.204032936843625 ], [ -5.656872216594629, 8.204415247995311 ], [ -5.656834474725907, 8.204415946918806 ], [ -5.656710765267317, 8.204530570371963 ], [ -5.656708668496835, 8.204578796093108 ], [ -5.656415819552489, 8.204853473026585 ] ] ] ] } },
{ "type": "Feature", "properties": { "feature_ro": "site_contour", "site_id": 195.0, "site_code": "g2m-0195a", "site_name": "Collège Moderne de Ferkéssédougou (Ancien)", "region": "TCHOLOGO", "ministere": "MENAET", "localite": "Ferkéssédougou", "format": "A4-paysage", "echelle": 1200, "equipe": "EQUIPE 6", "basemap": "default", "echelle_A3": 1000 }, "geometry": { "type": "MultiPolygon", "coordinates": [ [ [ [ -5.187997642758713, 9.586582588032687 ], [ -5.187718073360768, 9.587208823484085 ], [ -5.187653772399242, 9.587337425407139 ], [ -5.187279149405996, 9.588050327371898 ], [ -5.18665850534256, 9.587748392422117 ], [ -5.18700517139601, 9.587004737823586 ], [ -5.187374203001297, 9.586280653082911 ], [ -5.187997642758713, 9.586582588032687 ] ] ] ] } },
{ "type": "Feature", "properties": { "feature_ro": "site_contour", "site_id": 197.0, "site_code": "g2m-0197", "site_name": "Direction Régionale de la Fonction Publique et de la Modernisation de l'Administration", "region": "TCHOLOGO", "ministere": "MEMFPMA", "localite": "Ferkéssédougou", "format": "A4-Paysage", "echelle": 500, "equipe": "EQUIPE 6", "basemap": "default", "echelle_A3": 1000 }, "geometry": { "type": "MultiPolygon", "coordinates": [ [ [ [ -5.210964618261583, 9.581977031663302 ], [ -5.210734672431775, 9.581851225434226 ], [ -5.210875156054242, 9.581629666686354 ], [ -5.211109994348515, 9.581756171838924 ], [ -5.210964618261583, 9.581977031663302 ] ] ] ] } },
{ "type": "Feature", "properties": { "feature_ro": "site_contour", "site_id": 196.0, "site_code": "g2m-0196", "site_name": "Direction Régionale du MENAET", "region": "TCHOLOGO", "ministere": "MENAET", "localite": "Férkéssédougou", "format": "A4-Paysage", "echelle": 500, "equipe": "EQUIPE 6", "basemap": "default", "echelle_A3": 1000 }, "geometry": { "type": "MultiPolygon", "coordinates": [ [ [ [ -5.200717001979939, 9.579713218463453 ], [ -5.200559744193596, 9.579627250873585 ], [ -5.200541572182729, 9.579558057447594 ], [ -5.200791087870395, 9.579175047372413 ], [ -5.200859582372892, 9.579155477514556 ], [ -5.201016141235741, 9.579252627880342 ], [ -5.200717001979939, 9.579713218463453 ] ] ] ] } },
{ "type": "Feature", "properties": { "feature_ro": "ver 2_added_at_20260706", "site_id": 104.0, "site_code": "g2m-0104", "site_name": "COLLEGE MODERNE GBON COULIBALY DE NATIO KOBADARA", "region": "PORO", "ministere": "MENAET", "localite": "KORHOGO", "format": "A4-paysage", "echelle": 1000, "equipe": "EQUIPE 4", "basemap": "default", "echelle_A3": 1000 }, "geometry": { "type": "MultiPolygon", "coordinates": [ [ [ [ -5.604543142146831, 9.48735856573628 ], [ -5.603866675086718, 9.487363913301973 ], [ -5.603920150743644, 9.486949476960797 ], [ -5.604527099449753, 9.487002952617722 ], [ -5.604543142146831, 9.48735856573628 ] ] ] ] } },
{ "type": "Feature", "properties": { "feature_ro": "site_contour", "site_id": 105.0, "site_code": "g2m-0105", "site_name": "COLLEGE MODERNE KANDIA CAMARA DE NAFOUN", "region": "PORO", "ministere": "MENAET", "localite": "NAFOUN", "format": "A4-Paysage", "echelle": 1500, "equipe": "EQUIPE 4", "basemap": "default", "echelle_A3": 1000 }, "geometry": { "type": "MultiPolygon", "coordinates": [ [ [ [ -6.207098104572555, 9.32957595650295 ], [ -6.20609890662533, 9.328545736886861 ], [ -6.207539913179155, 9.327270179233667 ], [ -6.208507088758513, 9.32829506178844 ], [ -6.207098104572555, 9.32957595650295 ] ] ] ] } },
{ "type": "Feature", "properties": { "feature_ro": "ver 2_added_at_20260629", "site_id": 213.0, "site_code": "g2m-0213", "site_name": "DRENAET de TOUBA", "region": "BAFING", "ministere": "MENAET", "localite": "Touba", "format": "A4-paysage", "echelle": 500, "equipe": "EQUIPE 2", "basemap": "default", "echelle_A3": 1000 }, "geometry": { "type": "MultiPolygon", "coordinates": [ [ [ [ -7.688486549860086, 8.280222070084102 ], [ -7.688299504324541, 8.279988921775711 ], [ -7.688232984609436, 8.279772238743337 ], [ -7.688220470999664, 8.279721525693207 ], [ -7.688461522640541, 8.279651712922899 ], [ -7.688738468583132, 8.27977750763166 ], [ -7.688749664970822, 8.279816036377539 ], [ -7.688534299160532, 8.280180248283019 ], [ -7.688502027219538, 8.280209227168804 ], [ -7.688486549860086, 8.280222070084102 ] ] ] ] } },
{ "type": "Feature", "properties": { "feature_ro": "ver 2_added_at_20260629", "site_id": 216.0, "site_code": "g2m-0216", "site_name": "Centre Hospitalier et Universitaire de Touba", "region": "BAFING", "ministere": "MSHPCMU", "localite": "Touba", "format": "A4-paysage", "echelle": 1800, "equipe": "EQUIPE 2", "basemap": "default", "echelle_A3": 1000 }, "geometry": { "type": "MultiPolygon", "coordinates": [ [ [ [ -7.688819748890292, 8.285159424072811 ], [ -7.686294149531587, 8.285851996174951 ], [ -7.686046496549745, 8.285777897875864 ], [ -7.685479068241619, 8.283781525035542 ], [ -7.685804442106059, 8.283685361909615 ], [ -7.686831938520084, 8.283385016803978 ], [ -7.688188102056285, 8.282961503858964 ], [ -7.688305342031731, 8.283330348725537 ], [ -7.6886366437601, 8.284458618826324 ], [ -7.688718316551984, 8.284783992690762 ], [ -7.688819748890292, 8.285159424072811 ] ] ] ] } },
{ "type": "Feature", "properties": { "feature_ro": "site_contour", "site_id": 218.0, "site_code": "g2m-0218", "site_name": "CHR Nouveau de San-Pédro", "region": "SAN-PEDRO", "ministere": "MSHPCMU", "localite": "San-Pédro", "format": "A4-Paysage", "echelle": 1500, "equipe": "EQUIPE 1", "basemap": "default", "echelle_A3": 1000 }, "geometry": { "type": "MultiPolygon", "coordinates": [ [ [ [ -6.700922865337836, 4.785329128896741 ], [ -6.700701464747278, 4.78555274033485 ], [ -6.700678803559885, 4.785555977647358 ], [ -6.700253610200326, 4.785633278352819 ], [ -6.699892294543266, 4.785682548669691 ], [ -6.699856605147072, 4.785678442809948 ], [ -6.699823758269157, 4.785667388572188 ], [ -6.69979975478145, 4.785653807651511 ], [ -6.699780804659576, 4.785639910895471 ], [ -6.699766276232806, 4.785622855785785 ], [ -6.699723638458596, 4.785562847066521 ], [ -6.699645942958914, 4.785436512920695 ], [ -6.699617517776098, 4.785415351951269 ], [ -6.699598567654225, 4.785407140231791 ], [ -6.699582144215268, 4.785409666914707 ], [ -6.699529083874021, 4.785326918049192 ], [ -6.69954424397152, 4.785310494610234 ], [ -6.699546770654438, 4.785293755335915 ], [ -6.699544559806886, 4.785274173543312 ], [ -6.699537295593501, 4.785259329281177 ], [ -6.699501922032672, 4.785200268068005 ], [ -6.699376219557574, 4.784998765105413 ], [ -6.699167847175794, 4.784657110199801 ], [ -6.699119208529652, 4.784581309712306 ], [ -6.699093310029758, 4.784538987773454 ], [ -6.69908320329809, 4.784513720944289 ], [ -6.699077834096893, 4.784492559974863 ], [ -6.699076570755435, 4.784473609852989 ], [ -6.6990768865908, 4.784459081426219 ], [ -6.699080044944445, 4.784438867962886 ], [ -6.699086045816371, 4.784413285298356 ], [ -6.69909710005413, 4.784387070963097 ], [ -6.699120471871108, 4.78435959328638 ], [ -6.6991517395722, 4.784324851396278 ], [ -6.699325133187347, 4.784119874244673 ], [ -6.699426832174738, 4.783991013415929 ], [ -6.699548744625462, 4.783864679270105 ], [ -6.699580959832649, 4.78382488401417 ], [ -6.699678868795664, 4.783718763331676 ], [ -6.69975403761243, 4.783640436161264 ], [ -6.699794464539094, 4.783604430929703 ], [ -6.699843734855966, 4.783576005746893 ], [ -6.699903111904504, 4.783548212234811 ], [ -6.699975754038355, 4.783540632186061 ], [ -6.700057239562413, 4.783557687295747 ], [ -6.700106509879285, 4.783579795771267 ], [ -6.700150726830325, 4.783610115966265 ], [ -6.700210103878863, 4.783659386283138 ], [ -6.70039328839031, 4.783473675088772 ], [ -6.700651010047796, 4.783758558587611 ], [ -6.700472878902181, 4.783950586489267 ], [ -6.70091757509549, 4.784357382438827 ], [ -6.700973162119653, 4.78430432209758 ], [ -6.701055595149805, 4.784376648396066 ], [ -6.701002218973192, 4.78443444626778 ], [ -6.701199931911413, 4.784632790876726 ], [ -6.701232778789327, 4.784686482888702 ], [ -6.701252360581931, 4.78473891155922 ], [ -6.701265625667243, 4.784798920278488 ], [ -6.701268784020888, 4.784834925510048 ], [ -6.701266257337972, 4.784868404058693 ], [ -6.701254887264847, 4.784932202802335 ], [ -6.701240990508806, 4.784972629728999 ], [ -6.701231594406707, 4.784996633216708 ], [ -6.70122906772379, 4.785005950359962 ], [ -6.701230725859454, 4.785011793314204 ], [ -6.701233647336576, 4.785015978132785 ], [ -6.701237437360951, 4.78501976815716 ], [ -6.701242332809102, 4.785022610675443 ], [ -6.701248254722187, 4.78502466360531 ], [ -6.701252202664245, 4.785022531716601 ], [ -6.701273995304399, 4.784992843192332 ], [ -6.701366298189692, 4.785073302251453 ], [ -6.701266494214486, 4.785162367824256 ], [ -6.701210907190323, 4.78512320423905 ], [ -6.701167953580742, 4.78516615784863 ], [ -6.701347979738545, 4.785323443860185 ], [ -6.701137949221105, 4.785536001060529 ], [ -6.700922865337836, 4.785329128896741 ] ] ] ] } },
{ "type": "Feature", "properties": { "feature_ro": "site_contour", "site_id": 140.0, "site_code": "g2m-0140", "site_name": "Collège Moderne de FAHE", "region": "SAN-PEDRO", "ministere": "MENAET", "localite": "FAHE", "format": "A4-Paysage", "echelle": 2000, "equipe": "EQUIPE 1", "basemap": "default", "echelle_A3": 1000 }, "geometry": { "type": "MultiPolygon", "coordinates": [ [ [ [ -6.635844584243987, 4.996021204838545 ], [ -6.634841530200429, 4.996142787146855 ], [ -6.634684486385528, 4.994947227781806 ], [ -6.634730079751145, 4.994856041050573 ], [ -6.63470475010358, 4.994688865376647 ], [ -6.63461862930186, 4.994612876433953 ], [ -6.634603431513321, 4.994369711817333 ], [ -6.635657144852009, 4.994248129509023 ], [ -6.635844584243987, 4.996021204838545 ] ] ] ] } },
{ "type": "Feature", "properties": { "feature_ro": "site_contour", "site_id": 215.0, "site_code": "g2m-0215", "site_name": "Hôpital Général de Ouaninou", "region": "BAFING", "ministere": "MSHPCMU", "localite": "Ouaninou", "format": "A4-paysage", "echelle": 1000, "equipe": "EQUIPE 2", "basemap": "default", "echelle_A3": 1000 }, "geometry": { "type": "MultiPolygon", "coordinates": [ [ [ [ -7.871334519381242, 8.237146379007934 ], [ -7.870073285288455, 8.237059488141416 ], [ -7.870162809211534, 8.235943072159492 ], [ -7.871410878021515, 8.23603522913913 ], [ -7.871334519381242, 8.237146379007934 ] ] ] ] } },
{ "type": "Feature", "properties": { "feature_ro": "site_contour", "site_id": 214.0, "site_code": "g2m-0214a", "site_name": "Hôpital Général de Koro", "region": "BAFING", "ministere": "MSHPCMU", "localite": "KORO", "format": "A4-Paysage", "echelle": 500, "equipe": "EQUIPE 2", "basemap": "default", "echelle_A3": 1000 }, "geometry": { "type": "MultiPolygon", "coordinates": [ [ [ [ -7.462812375847787, 8.552458228496 ], [ -7.462631314511999, 8.552608892673227 ], [ -7.462470077410055, 8.552413293565952 ], [ -7.462657746823792, 8.552262629388725 ], [ -7.462812375847787, 8.552458228496 ] ] ] ] } },
{ "type": "Feature", "properties": { "feature_ro": "site_contour", "site_id": 199.0, "site_code": "g2m-0199", "site_name": "Centre de Santé Urbain de KONG", "region": "TCHOLOGO", "ministere": "MSHPCMU", "localite": "KONG", "format": "A4-Paysage", "echelle": 1000, "equipe": "EQUIPE 6", "basemap": "default", "echelle_A3": 1000 }, "geometry": { "type": "MultiPolygon", "coordinates": [ [ [ [ -4.611061623371092, 9.149418349185241 ], [ -4.610246852687856, 9.148688783279336 ], [ -4.610608972991517, 9.148278735288427 ], [ -4.611429068973336, 9.149024277090081 ], [ -4.611061623371092, 9.149418349185241 ] ] ] ] } },
{ "type": "Feature", "properties": { "feature_ro": "site_contour", "site_id": 195.0, "site_code": "g2m-0195b", "site_name": "Collège Moderne de Ferkéssédougou (Nouveau)", "region": "TCHOLOGO", "ministere": "MENAET", "localite": "Ferkéssédougou", "format": "A4-Paysage", "echelle": 2000, "equipe": "EQUIPE 6", "basemap": "default", "echelle_A3": 1000 }, "geometry": { "type": "MultiPolygon", "coordinates": [ [ [ [ -5.181138544751514, 9.592965137375662 ], [ -5.180501359673626, 9.592836629460795 ], [ -5.179920396808492, 9.5927054442977 ], [ -5.178959264695206, 9.592483232694907 ], [ -5.178107899759204, 9.592317243304869 ], [ -5.178308693376187, 9.591884867716303 ], [ -5.178646026652716, 9.591202169418565 ], [ -5.178986037177471, 9.590502069007357 ], [ -5.179498730212829, 9.590744359971849 ], [ -5.180336708907698, 9.591157994822829 ], [ -5.180979248482037, 9.591465878368865 ], [ -5.181137875439455, 9.591542179943321 ], [ -5.18141497063089, 9.591657301617056 ], [ -5.181701436191119, 9.591791164028377 ], [ -5.181138544751514, 9.592965137375662 ] ] ] ] } },
{ "type": "Feature", "properties": { "feature_ro": "site_contour", "site_id": 198.0, "site_code": "g2m-0198", "site_name": "CHR Ferkéssédougou", "region": "TCHOLOGO", "ministere": "MSHPCMU", "localite": "Ferkéssédougou", "format": "A4-Paysage", "echelle": 1500, "equipe": "EQUIPE 6", "basemap": "default", "echelle_A3": 1000 }, "geometry": { "type": "MultiPolygon", "coordinates": [ [ [ [ -5.20093508282534, 9.594235781286434 ], [ -5.202742313887626, 9.59493725467653 ], [ -5.202520091401449, 9.595536987651277 ], [ -5.202059582152985, 9.596715034565953 ], [ -5.20140630159121, 9.59646068352756 ], [ -5.201098402965783, 9.596380362147015 ], [ -5.200943114963394, 9.596329491939334 ], [ -5.200206835641722, 9.596072463521587 ], [ -5.20093508282534, 9.594235781286434 ] ] ] ] } },
{ "type": "Feature", "properties": { "feature_ro": "site_contour", "site_id": 55.0, "site_code": "g2m-0055b", "site_name": "COLLEGE MODERNE DE YAMOUSSOUKRO", "region": "DISTRICT DE YAMOUSSOUKRO", "ministere": "MENAET", "localite": "Yamoussoukro", "format": "A4-Paysage", "echelle": 1500, "equipe": "EQUIPE 5", "basemap": "default", "echelle_A3": 1000 }, "geometry": { "type": "MultiPolygon", "coordinates": [ [ [ [ -5.250175976708376, 6.857126076993646 ], [ -5.249453498032287, 6.858167067774247 ], [ -5.247737934867738, 6.857065223054979 ], [ -5.247964518681925, 6.856683267482494 ], [ -5.248311515608791, 6.856059190919995 ], [ -5.250175976708376, 6.857126076993646 ] ] ] ] } },
{ "type": "Feature", "properties": { "feature_ro": "site_contour", "site_id": 160.0, "site_code": "g2m-0160", "site_name": "Hôpital Général de Toulepleu", "region": "CAVALLY", "ministere": "MSHPCMU", "localite": "TOULEPLEU", "format": "A4-Paysage", "echelle": 2000, "equipe": "EQUIPE 2", "basemap": "default", "echelle_A3": 1000 }, "geometry": { "type": "MultiPolygon", "coordinates": [ [ [ [ -8.417624976747383, 6.577129012455033 ], [ -8.416921693871524, 6.577615503545308 ], [ -8.416271318514765, 6.578273621465839 ], [ -8.415873866907855, 6.578513640942738 ], [ -8.415543517520296, 6.578307172575513 ], [ -8.416119048093936, 6.577677444055476 ], [ -8.415904837162939, 6.577365160650047 ], [ -8.416180988604102, 6.576794791785588 ], [ -8.416395199535099, 6.57630959112261 ], [ -8.416421008081004, 6.575690186020934 ], [ -8.41662747644823, 6.575344351505832 ], [ -8.416828783106272, 6.575335641121589 ], [ -8.417347534878925, 6.575307251721096 ], [ -8.417708854521569, 6.575820841784568 ], [ -8.418005652799456, 6.576281524328938 ], [ -8.418114371299071, 6.576442505134008 ], [ -8.418077916727983, 6.57649638047358 ], [ -8.418044365618309, 6.576554449701862 ], [ -8.41790306382949, 6.576765757171445 ], [ -8.417695950248614, 6.577083847499703 ], [ -8.417624976747383, 6.577129012455033 ] ] ] ] } },
{ "type": "Feature", "properties": { "feature_ro": "site_contour", "site_id": 200.0, "site_code": "g2m-0200", "site_name": "Hopital Général de Ouangolodougou", "region": "TCHOLOGO", "ministere": "MSHPCMU", "localite": "OUANGOLODOUGOU", "format": "A4-Paysage", "echelle": 1000, "equipe": "EQUIPE 6", "basemap": "default", "echelle_A3": 1000 }, "geometry": { "type": "MultiPolygon", "coordinates": [ [ [ [ -5.157491476953687, 9.970687203797807 ], [ -5.157372788767283, 9.969497632116507 ], [ -5.157530143076737, 9.96944988786022 ], [ -5.158019689817261, 9.969186285769165 ], [ -5.158800409275706, 9.969396763969421 ], [ -5.159168241785413, 9.969480820758658 ], [ -5.159161517242274, 9.969593793083396 ], [ -5.157491476953687, 9.970687203797807 ] ] ] ] } },
{ "type": "Feature", "properties": { "feature_ro": "site_contour", "site_id": 159.0, "site_code": "g2m-0159", "site_name": "Hôpital général Taï", "region": "CAVALLY", "ministere": "MSHPCMU", "localite": "Taï", "format": "A4-Paysage", "echelle": 1500, "equipe": "EQUIPE 2", "basemap": "default", "echelle_A3": 1000 }, "geometry": { "type": "MultiPolygon", "coordinates": [ [ [ [ -7.455256127758485, 5.871546017419104 ], [ -7.454769868150109, 5.87133103948698 ], [ -7.454629748605063, 5.871270257035933 ], [ -7.454609274516289, 5.871157649547677 ], [ -7.454464036449052, 5.870629162131206 ], [ -7.454725720896191, 5.870111551574396 ], [ -7.455045628533279, 5.869475575191863 ], [ -7.455270203694515, 5.869595220648135 ], [ -7.456160826556173, 5.870033494110946 ], [ -7.455666249349232, 5.870863334521557 ], [ -7.455256127758485, 5.871546017419104 ] ] ] ] } },
{ "type": "Feature", "properties": { "feature_ro": "site_contour", "site_id": 184.0, "site_code": "g2m-0184", "site_name": "Hôpital Général de TENGRELA", "region": "BAGOUE", "ministere": "MSHPCMU", "localite": "TENGRELA", "format": "A4-Paysage", "echelle": 1500, "equipe": "EQUIPE 3", "basemap": "default", "echelle_A3": 1000 }, "geometry": { "type": "MultiPolygon", "coordinates": [ [ [ [ -6.40987590232268, 10.496682148147405 ], [ -6.407647581027321, 10.497173570158468 ], [ -6.407486481249589, 10.496475019861746 ], [ -6.407277999184291, 10.495581525296172 ], [ -6.409495490242486, 10.495067089031146 ], [ -6.40987590232268, 10.496682148147405 ] ] ] ] } },
{ "type": "Feature", "properties": { "feature_ro": "ver 2_added_at_20260629", "site_id": 183.0, "site_code": "g2m-0183b", "site_name": "Hôpital Général de Kouto (Nouveau)", "region": "BAGOUE", "ministere": "MSHPCMU", "localite": "KOUTO", "format": "A4-paysage", "echelle": 1800, "equipe": "EQUIPE 3", "basemap": "default", "echelle_A3": 1000 }, "geometry": { "type": "MultiPolygon", "coordinates": [ [ [ [ -6.421924811343582, 9.87678083299995 ], [ -6.420022630252786, 9.875493905397562 ], [ -6.421047604950721, 9.873998758819837 ], [ -6.423018296801143, 9.875330016913754 ], [ -6.422043697661731, 9.876652123447863 ], [ -6.422019517393628, 9.876634659920899 ], [ -6.421924811343582, 9.87678083299995 ] ] ] ] } },
{ "type": "Feature", "properties": { "feature_ro": "site_contour", "site_id": 214.0, "site_code": "g2m-0214b", "site_name": "Hôpital Général de Koro", "region": "BAFING", "ministere": "MSHPCMU", "localite": "KORO", "format": "A4-Paysage", "echelle": 1300, "equipe": "EQUIPE 2", "basemap": "default", "echelle_A3": 1000 }, "geometry": { "type": "MultiPolygon", "coordinates": [ [ [ [ -7.460893836284336, 8.555823341969287 ], [ -7.460782048040588, 8.555652166221044 ], [ -7.46064056604459, 8.555465270251023 ], [ -7.460630085896739, 8.555449550029246 ], [ -7.460601265490147, 8.555355228698582 ], [ -7.460582925231407, 8.555261780713572 ], [ -7.460550611442197, 8.555093225002292 ], [ -7.460421792958188, 8.554413325410421 ], [ -7.460579868521617, 8.554287563636203 ], [ -7.460898203012605, 8.554039096797556 ], [ -7.461193393843755, 8.553805040162207 ], [ -7.461402996800785, 8.554086257462888 ], [ -7.461960191328225, 8.554790174060248 ], [ -7.462133987113429, 8.555018117276019 ], [ -7.461814342603958, 8.555249553874404 ], [ -7.460893836284336, 8.555823341969287 ] ] ] ] } },
{ "type": "Feature", "properties": { "feature_ro": "ver 2_added_at_20260629", "site_id": 182.0, "site_code": "g2m-0182b", "site_name": "Centre Hospitalier Régional de Boundiali", "region": "BAGOUE", "ministere": "MSHPCMU", "localite": "Boundiali", "format": "A4-Paysage", "echelle": 3000, "equipe": "EQUIPE 3", "basemap": "default", "echelle_A3": 1000 }, "geometry": { "type": "MultiPolygon", "coordinates": [ [ [ [ -6.49824042631337, 9.507461884848404 ], [ -6.498071739105216, 9.507281825468914 ], [ -6.497871778425885, 9.50697951524756 ], [ -6.497597898632873, 9.506567747877089 ], [ -6.497511659666904, 9.506436967906723 ], [ -6.49753298248816, 9.506354045824063 ], [ -6.49793290384682, 9.504872346667041 ], [ -6.498039044112625, 9.50490456781916 ], [ -6.498721374392797, 9.505112109946047 ], [ -6.498910199821029, 9.505167786201556 ], [ -6.498864000374975, 9.505270372663817 ], [ -6.498789015120226, 9.505439889092802 ], [ -6.498763072354365, 9.50550196219468 ], [ -6.498753832465154, 9.505581567394032 ], [ -6.498728245079646, 9.505782712674543 ], [ -6.498711660663116, 9.505880797652313 ], [ -6.49880358571475, 9.506164154254781 ], [ -6.498838176069231, 9.506183107873674 ], [ -6.499221039170885, 9.506023897474966 ], [ -6.499414366083601, 9.506103502674319 ], [ -6.499442796511939, 9.506146148316828 ], [ -6.499439005788161, 9.50618500323556 ], [ -6.499402993912263, 9.506225753516182 ], [ -6.499294010603624, 9.50632431233443 ], [ -6.499349923779362, 9.506422871152676 ], [ -6.499518610987516, 9.506496790266361 ], [ -6.499766903395024, 9.506312940163093 ], [ -6.499831345699262, 9.506843641492118 ], [ -6.499795333823364, 9.506995270443268 ], [ -6.50010617317322, 9.507525971772294 ], [ -6.500333616599945, 9.507472901639392 ], [ -6.500731642596715, 9.507630216676205 ], [ -6.500792294177175, 9.507738252303898 ], [ -6.500940606245018, 9.507887038212218 ], [ -6.501059066363103, 9.508009289054078 ], [ -6.501110714974589, 9.508061885346509 ], [ -6.501245285668734, 9.50825663378064 ], [ -6.501265660809044, 9.50832297144677 ], [ -6.501120665624509, 9.508475074238387 ], [ -6.500478137944013, 9.509172567413687 ], [ -6.499901000248704, 9.509799932199069 ], [ -6.49979533382337, 9.509667730707287 ], [ -6.498859972730965, 9.508480286483591 ], [ -6.498746251017604, 9.508340029703785 ], [ -6.498818274769401, 9.50827013823411 ], [ -6.498762124673429, 9.508206880531052 ], [ -6.498875846386791, 9.508106426350915 ], [ -6.49871000222147, 9.507931105376153 ], [ -6.498660722812347, 9.50789225045742 ], [ -6.49862400017574, 9.507865952311207 ], [ -6.498457919090182, 9.50769134209715 ], [ -6.49824042631337, 9.507461884848404 ] ] ] ] } },
{ "type": "Feature", "properties": { "feature_ro": "site_contour", "site_id": 200.0, "site_code": "g2m-0200b", "site_name": "Hopital Général de Ouangolodougou", "region": "BAGOUE", "ministere": "MSHPCMU", "localite": "Ouangolodougou", "format": "A4-paysage", "echelle": 1300, "equipe": "EQUIPE 6", "basemap": "default", "echelle_A3": 1000 }, "geometry": { "type": "MultiPolygon", "coordinates": [ [ [ [ -5.157701667663184, 9.971543785569086 ], [ -5.159173396829051, 9.971021793060411 ], [ -5.159604882435434, 9.972683256833204 ], [ -5.159407501681778, 9.972697355458465 ], [ -5.158662624313817, 9.972844216138268 ], [ -5.158310158682289, 9.972895911097559 ], [ -5.158298409827904, 9.972853615221776 ], [ -5.15803288571882, 9.972917646478175 ], [ -5.157968267019709, 9.972627449774887 ], [ -5.157865999351698, 9.972166154035245 ], [ -5.157701667663184, 9.971543785569086 ] ] ] ] } },
{ "type": "Feature", "properties": { "feature_ro": "site_contour", "site_id": 104.0, "site_code": "g2m-0104b", "site_name": "Collège Moderne Gbon de Natio Kobadara", "region": "PORO", "ministere": "MENAET", "localite": "KORHOGO", "format": "A4-Paysage", "echelle": 2000, "equipe": "EQUIPE 4", "basemap": "default", "echelle_A3": 1000 }, "geometry": { "type": "MultiPolygon", "coordinates": [ [ [ [ -5.60542652787251, 9.493691232625466 ], [ -5.603402513398393, 9.493594850983841 ], [ -5.603259446899106, 9.492900601971515 ], [ -5.603161559294331, 9.492426223579145 ], [ -5.603099814805165, 9.492128042875366 ], [ -5.60315402947858, 9.492085122925582 ], [ -5.60312089828927, 9.491866758268776 ], [ -5.603039576279149, 9.49184868671097 ], [ -5.602876932258908, 9.491291480345328 ], [ -5.602211296546437, 9.490606267111902 ], [ -5.602414601571739, 9.49064241022751 ], [ -5.603390465693187, 9.49079903039515 ], [ -5.604467229345712, 9.4909948056047 ], [ -5.605470200803866, 9.491137872103987 ], [ -5.60542652787251, 9.493691232625466 ] ] ] ] } },
{ "type": "Feature", "properties": { "feature_ro": "ver 2_added_at_20260629", "site_id": 183.0, "site_code": "g2m-0183a", "site_name": "Hôpital Général de Koutou (Ancien)", "region": "BAGOUE", "ministere": "MSHPCMU", "localite": "KOUTO", "format": "A4-paysage", "echelle": 800, "equipe": "EQUIPE 3", "basemap": "default", "echelle_A3": 1000 }, "geometry": { "type": "MultiPolygon", "coordinates": [ [ [ [ -6.410041930052509, 9.890209319779753 ], [ -6.409827073515172, 9.889697925707411 ], [ -6.410753087434362, 9.88932592203326 ], [ -6.410962616950113, 9.889825774225498 ], [ -6.410041930052509, 9.890209319779753 ] ] ] ] } },
{ "type": "Feature", "properties": { "feature_ro": "site_contour", "site_id": 154.0, "site_code": "g2m-0154", "site_name": "DRENAET Guiglo", "region": "CAVALLY", "ministere": "MENAET", "localite": "GUIGLO", "format": "A4-Paysage", "echelle": 500, "equipe": "EQUIPE 2", "basemap": "default", "echelle_A3": 1000 }, "geometry": { "type": "MultiPolygon", "coordinates": [ [ [ [ -7.499218907618034, 6.545385189409588 ], [ -7.498638431771232, 6.545665107762379 ], [ -7.498404951486186, 6.545180087943719 ], [ -7.498969947977073, 6.544902749483579 ], [ -7.499218907618034, 6.545385189409588 ] ] ] ] } },
{ "type": "Feature", "properties": { "feature_ro": "ver 2_added_at_20260710", "site_id": 155.0, "site_code": "g2m-0155", "site_name": "Direction Régionale du MEMFPMA", "region": "CAVALLY", "ministere": "MEMFPMA", "localite": "Guiglo", "format": "A4-Paysage", "echelle": 500, "equipe": "EQUIPE 2", "basemap": "default", "echelle_A3": 1000 }, "geometry": { "type": "MultiPolygon", "coordinates": [ [ [ [ -7.507128055646005, 6.54332135504262 ], [ -7.506812026530069, 6.543498073364593 ], [ -7.506680455224658, 6.543291687003164 ], [ -7.506839759697384, 6.543199458097901 ], [ -7.50703647169812, 6.543081430897458 ], [ -7.507086778373719, 6.543216226989766 ], [ -7.507128055646005, 6.54332135504262 ] ] ] ] } },
{ "type": "Feature", "properties": { "feature_ro": "site_contour", "site_id": 176.0, "site_code": "g2m-0176", "site_name": "Collège Moderne de Neguepie", "region": "BAGOUE", "ministere": "MENAET", "localite": "Neguepie", "format": "A4-Paysage", "echelle": 1200, "equipe": "EQUIPE 3", "basemap": "default", "echelle_A3": 1000 }, "geometry": { "type": "MultiPolygon", "coordinates": [ [ [ [ -6.51481749094126, 10.358577629498816 ], [ -6.513752561266537, 10.358496543482973 ], [ -6.512941701108119, 10.358096519138154 ], [ -6.512974135514455, 10.357896506965744 ], [ -6.512725471732541, 10.357723523465282 ], [ -6.513293073843434, 10.356799142884684 ], [ -6.514141774142578, 10.357188355760725 ], [ -6.513968790642116, 10.357712711996502 ], [ -6.51481208520687, 10.357880289762576 ], [ -6.51481749094126, 10.358577629498816 ] ] ] ] } },
{ "type": "Feature", "properties": { "feature_ro": "site_contour", "site_id": 110.0, "site_code": "g2m-0110", "site_name": "Lycée Moderne de Sirasso", "region": "PORO", "ministere": "MENAET", "localite": "SIRASSO", "format": "A4-Paysage", "echelle": 2500, "equipe": "EQUIPE 4", "basemap": "default", "echelle_A3": 1000 }, "geometry": { "type": "MultiPolygon", "coordinates": [ [ [ [ -6.103380875328333, 9.292771465831748 ], [ -6.100774358702155, 9.293044637879905 ], [ -6.100519072919054, 9.289504783422521 ], [ -6.103200386653658, 9.289160066314134 ], [ -6.103235752677747, 9.289702345350207 ], [ -6.10320485821992, 9.289728361735747 ], [ -6.103212581834377, 9.289784459567066 ], [ -6.103225183521122, 9.289892183663438 ], [ -6.103255671472927, 9.289914948000785 ], [ -6.103380875328333, 9.292771465831748 ] ] ] ] } },
{ "type": "Feature", "properties": { "feature_ro": "site_contour", "site_id": 122.0, "site_code": "g2m-0122", "site_name": "Collège Moderne de Bahouakaha", "region": "PORO", "ministere": "MENAET", "localite": "BAHOUAKAHA", "format": "A4-Paysage", "echelle": 1500, "equipe": "EQUIPE 4", "basemap": "default", "echelle_A3": 1000 }, "geometry": { "type": "MultiPolygon", "coordinates": [ [ [ [ -5.419231163056892, 9.50064018474985 ], [ -5.417824525353477, 9.500634836317516 ], [ -5.41782987378581, 9.498952754348982 ], [ -5.418412852910039, 9.498956765673233 ], [ -5.418454303260615, 9.498994873253599 ], [ -5.418624115987168, 9.498994873253597 ], [ -5.418654869473079, 9.498960108443438 ], [ -5.419235174381138, 9.498956097119191 ], [ -5.419231163056892, 9.50064018474985 ] ] ] ] } },
{ "type": "Feature", "properties": { "feature_ro": "site_contour", "site_id": 120.0, "site_code": "g2m-0120", "site_name": "Lycée moderne de M'bengue", "region": "PORO", "ministere": "MENAET", "localite": "M'BENGUE", "format": "A4-Paysage", "echelle": 2300, "equipe": "EQUIPE 4", "basemap": "default", "echelle_A3": 1000 }, "geometry": { "type": "MultiPolygon", "coordinates": [ [ [ [ -5.895515130290748, 9.991416876957379 ], [ -5.891453078895343, 9.992584573798325 ], [ -5.891438953530317, 9.991494230146722 ], [ -5.891422810256028, 9.990060169279863 ], [ -5.894887560502389, 9.98920053992345 ], [ -5.895373876640636, 9.990904327998393 ], [ -5.895345625910613, 9.990925852364125 ], [ -5.895360423912053, 9.990981008551312 ], [ -5.895399436824942, 9.990983699097029 ], [ -5.895515130290748, 9.991416876957379 ] ] ] ] } },
{ "type": "Feature", "properties": { "feature_ro": "site_contour", "site_id": 132.0, "site_code": "g2m-0132", "site_name": "Hôpital général de M'Bengue", "region": "PORO", "ministere": "MSHPCMU", "localite": "M'BENGUE", "format": "A4-Paysage", "echelle": 1200, "equipe": "EQUIPE 4", "basemap": "default", "echelle_A3": 1000 }, "geometry": { "type": "MultiPolygon", "coordinates": [ [ [ [ -5.899667517106008, 10.004973778450099 ], [ -5.899419944873021, 10.005159457624835 ], [ -5.899266557728671, 10.005318226774248 ], [ -5.898959783439972, 10.005194440657755 ], [ -5.897633119191476, 10.004697950690515 ], [ -5.897751523302904, 10.00424048026 ], [ -5.897896164689024, 10.003577148135752 ], [ -5.898094626125792, 10.003576475385119 ], [ -5.899122589093188, 10.003588584896514 ], [ -5.899473764923671, 10.004847974081699 ], [ -5.899606296798393, 10.004802227038647 ], [ -5.899667517106008, 10.004973778450099 ] ] ] ] } },
{ "type": "Feature", "properties": { "feature_ro": "site_contour", "site_id": 119.0, "site_code": "g2m-0119", "site_name": "Collège Moderne Fanta Kader", "region": "PORO", "ministere": "MENAET", "localite": "M'BENGUE", "format": "A4-Paysage", "echelle": 1000, "equipe": "EQUIPE 4x", "basemap": "default", "echelle_A3": 1000 }, "geometry": { "type": "MultiPolygon", "coordinates": [ [ [ [ -5.889377721299696, 9.986519295570071 ], [ -5.888237880258046, 9.986773504723244 ], [ -5.887988591282031, 9.985638583858753 ], [ -5.889084150729257, 9.985392575000844 ], [ -5.889377721299696, 9.986519295570071 ] ] ] ] } },
{ "type": "Feature", "properties": { "feature_ro": "site_contour", "site_id": 108.0, "site_code": "g2m-0108", "site_name": "LYCEE MODERNE CHARLES VALY TUHO DE NAPIE", "region": "PORO", "ministere": "MENAET", "localite": "NAPIE", "format": "A4-paysage", "echelle": 2500, "equipe": "EQUIPE 4", "basemap": "default", "echelle_A3": 1000 }, "geometry": { "type": "MultiPolygon", "coordinates": [ [ [ [ -5.595320526159736, 9.305038731719652 ], [ -5.592930868949409, 9.306683413461394 ], [ -5.592879514328925, 9.306654067963974 ], [ -5.592653420610168, 9.306576702561687 ], [ -5.592413988028952, 9.306511008664053 ], [ -5.59211286320884, 9.306402963878098 ], [ -5.592054839157123, 9.306382955584404 ], [ -5.592050837498385, 9.306116845278257 ], [ -5.592041833766221, 9.305401548778663 ], [ -5.591979808055766, 9.30492535138872 ], [ -5.591973805567657, 9.304831312408352 ], [ -5.592025827131264, 9.304040984807393 ], [ -5.592293938266779, 9.30330868125815 ], [ -5.592357964806602, 9.303178627349132 ], [ -5.592994228546109, 9.302386298918806 ], [ -5.594426822374681, 9.304034982319289 ], [ -5.595076091505088, 9.304766285453848 ], [ -5.595320526159736, 9.305038731719652 ] ] ] ] } },
{ "type": "Feature", "properties": { "feature_ro": "ver 2_added_at_20260629", "site_id": 101.0, "site_code": "g2m-0101", "site_name": "COLLEGE MODERNE DE NANGOUNKAHA", "region": "PORO", "ministere": "MENAET", "localite": "NANGOUNKAHA", "format": "A4-Paysage", "echelle": 1500, "equipe": "EQUIPE 4", "basemap": "esri maps", "echelle_A3": 1000 }, "geometry": { "type": "MultiPolygon", "coordinates": [ [ [ [ -5.536984667867843, 9.500511794547689 ], [ -5.53538014549119, 9.501062680563674 ], [ -5.534925530817804, 9.499763017438584 ], [ -5.536519356378614, 9.499238873462211 ], [ -5.536984667867843, 9.500511794547689 ] ] ] ] } },
{ "type": "Feature", "properties": { "feature_ro": "site_contour", "site_id": 123.0, "site_code": "g2m-0123", "site_name": "Collège Moderne de Kagbolodougou", "region": "PORO", "ministere": "MENAET", "localite": "Kagbolodougou", "format": "A4-Paysage", "echelle": 2400, "equipe": "EQUIPE 4x", "basemap": "default", "echelle_A3": 1000 }, "geometry": { "type": "MultiPolygon", "coordinates": [ [ [ [ -5.406648730341485, 9.390354830622597 ], [ -5.406262213680848, 9.390699305120149 ], [ -5.405984192924952, 9.390943420905812 ], [ -5.405622426892601, 9.391269586719456 ], [ -5.405185730876019, 9.390776608452287 ], [ -5.405014849826051, 9.390708798511824 ], [ -5.404964670470108, 9.390761690265386 ], [ -5.404477795097582, 9.390794239036808 ], [ -5.404475082699962, 9.390646413366598 ], [ -5.403748499187902, 9.390652516261236 ], [ -5.40238958798103, 9.390671503044569 ], [ -5.402296010263192, 9.39014258550896 ], [ -5.402137335002508, 9.389297673650798 ], [ -5.402508255376836, 9.389265802978777 ], [ -5.402984281158885, 9.389223760815689 ], [ -5.404310643594338, 9.389151882278799 ], [ -5.405529866323853, 9.389081359940715 ], [ -5.405981480527334, 9.389594003090606 ], [ -5.406648730341485, 9.390354830622597 ] ] ] ] } },
{ "type": "Feature", "properties": { "feature_ro": "site_contour", "site_id": 113.0, "site_code": "g2m-0113", "site_name": "Collège Moderne de Bogou", "region": "PORO", "ministere": "MENAET", "localite": "BOUGOU", "format": "A4-Paysage", "echelle": 1400, "equipe": "EQUIPE 4x", "basemap": "default", "echelle_A3": 1000 }, "geometry": { "type": "MultiPolygon", "coordinates": [ [ [ [ -5.862107645026021, 10.213718114686985 ], [ -5.860405214708363, 10.213790960358265 ], [ -5.860332369037084, 10.21173239564769 ], [ -5.862219611520763, 10.211675737903363 ], [ -5.862107645026021, 10.213718114686985 ] ] ] ] } },
{ "type": "Feature", "properties": { "feature_ro": "site_contour", "site_id": 115.0, "site_code": "g2m-0115", "site_name": "Collège moderne de Katiali", "region": "PORO", "ministere": "MENAET", "localite": "KATIALI", "format": "A4-Paysage", "echelle": 2000, "equipe": "EQUIPE 4x", "basemap": "default", "echelle_A3": 1000 }, "geometry": { "type": "MultiPolygon", "coordinates": [ [ [ [ -5.926226483996175, 9.816995856572889 ], [ -5.925898951065957, 9.816705909388766 ], [ -5.925539201781951, 9.816394484635447 ], [ -5.924833126694685, 9.815825329051796 ], [ -5.924263971111034, 9.815422624629401 ], [ -5.923659914477443, 9.815105830483782 ], [ -5.924910982883016, 9.813806437547521 ], [ -5.92594190620435, 9.814681648492193 ], [ -5.927289623671298, 9.815916608720871 ], [ -5.926226483996175, 9.816995856572889 ] ] ] ] } },
{ "type": "Feature", "properties": { "feature_ro": "ver 3_added_at_20260630", "site_id": 116.0, "site_code": "g2m-0116", "site_name": "COLLEGE MODERNE DE KATOGO", "region": "PORO", "ministere": "MENAET", "localite": "KATOGO", "format": null, "echelle": 1800, "equipe": "EQUIPE 4x", "basemap": "default", "echelle_A3": 1000 }, "geometry": { "type": "MultiPolygon", "coordinates": [ [ [ [ -6.122447022457903, 10.148429111833561 ], [ -6.121072168903071, 10.148027438932244 ], [ -6.120692062332028, 10.147914215698318 ], [ -6.120620623863002, 10.147895345159331 ], [ -6.120524923272421, 10.147864343559565 ], [ -6.120453484803395, 10.147840081438009 ], [ -6.120318695239196, 10.147790209299256 ], [ -6.119953415520215, 10.147674290274043 ], [ -6.119519393123493, 10.147532761231638 ], [ -6.119492435210654, 10.145678056828253 ], [ -6.119697315348238, 10.145753538984204 ], [ -6.119921066024808, 10.145855979052996 ], [ -6.120171774614219, 10.145915286461245 ], [ -6.120546489602693, 10.145958419121788 ], [ -6.121228524797542, 10.146009639156183 ], [ -6.122436239292768, 10.146015030738747 ], [ -6.122447022457903, 10.148429111833561 ] ] ] ] } },
{ "type": "Feature", "properties": { "feature_ro": "site_contour", "site_id": 66.0, "site_code": "g2m-0066", "site_name": "Collège Moderne d'AHOUGNANFOUTOU", "region": "GBEKE", "ministere": "MENAET", "localite": "AHOUGNANFOUTOU", "format": "A4-Paysage", "echelle": 1200, "equipe": "EQUIPE X", "basemap": "default", "echelle_A3": 1000 }, "geometry": { "type": "MultiPolygon", "coordinates": [ [ [ [ -5.32712808225875, 7.68480943870958 ], [ -5.326059840776336, 7.684879591881558 ], [ -5.325976932482178, 7.683262880145485 ], [ -5.327032418842416, 7.683282012828752 ], [ -5.327080250550583, 7.684031376256715 ], [ -5.32712808225875, 7.68480943870958 ] ] ] ] } },
{ "type": "Feature", "properties": { "feature_ro": "site_contour", "site_id": 69.0, "site_code": "g2m-0069b", "site_name": "Lycée Moderne Jeunes Filles de Bouaké", "region": "GBEKE", "ministere": "MENAET", "localite": "BOUAKE", "format": "A4-Paysage", "echelle": 800, "equipe": "EQUIPE X", "basemap": "default", "echelle_A3": 1000 }, "geometry": { "type": "MultiPolygon", "coordinates": [ [ [ [ -5.003147957094551, 7.713415737549325 ], [ -5.002678320930271, 7.713000063757682 ], [ -5.002730648079495, 7.712941195714806 ], [ -5.002397716592562, 7.712648817768522 ], [ -5.002776434335066, 7.712228892396003 ], [ -5.002870950248349, 7.712314905147537 ], [ -5.003585215835249, 7.712942830938219 ], [ -5.003147957094551, 7.713415737549325 ] ] ] ] } },
{ "type": "Feature", "properties": { "feature_ro": "ver 3_added_at_20260630", "site_id": 93.0, "site_code": "g2m-0093", "site_name": "Collège Moderne de Kiémou", "region": "PORO", "ministere": "MENAET", "localite": "KIEMOU", "format": "A4-Paysage", "echelle": 1000, "equipe": "EQUIPE X", "basemap": "default", "echelle_A3": 1000 }, "geometry": { "type": "MultiPolygon", "coordinates": [ [ [ [ -5.560469310532413, 9.063275207863756 ], [ -5.559222808329058, 9.063395441344001 ], [ -5.559279244452439, 9.061994353237472 ], [ -5.560295094673283, 9.061888842224196 ], [ -5.560469310532413, 9.063275207863756 ] ] ] ] } },
{ "type": "Feature", "properties": { "feature_ro": "site_contour", "site_id": 52.0, "site_code": "g2m-0052", "site_name": "Collège Moderne Maître Konan Yahault de Kongonou", "region": "District de Yamoussoukro", "ministere": "MENAET", "localite": "KONGONOU", "format": "A4-Paysage", "echelle": 2500, "equipe": "EQUIPE 6", "basemap": "default", "echelle_A3": 1000 }, "geometry": { "type": "MultiPolygon", "coordinates": [ [ [ [ -5.129096778195164, 7.319016249524536 ], [ -5.127379545188925, 7.318441544289983 ], [ -5.128541000378515, 7.315034609067186 ], [ -5.130254792036043, 7.315600710929965 ], [ -5.129096778195164, 7.319016249524536 ] ] ] ] } },
{ "type": "Feature", "properties": { "feature_ro": "site_contour", "site_id": 71.0, "site_code": "g2m-0071", "site_name": "CENTRE NATIONAL PARA-TELE ENSEIGNEMENT BOUAKE", "region": "GBEKE", "ministere": "MENAET", "localite": "BOUAKE", "format": "A4-Paysage", "echelle": 2000, "equipe": "EQUIPE 4", "basemap": "default", "echelle_A3": 1000 }, "geometry": { "type": "MultiPolygon", "coordinates": [ [ [ [ -5.031386809884937, 7.67329862847256 ], [ -5.029135856923227, 7.673284899163179 ], [ -5.029062633939866, 7.673228674372384 ], [ -5.029050865960397, 7.673071767979468 ], [ -5.028778894879343, 7.671917198438262 ], [ -5.028699134129611, 7.671566774160749 ], [ -5.028542227736694, 7.670826699007494 ], [ -5.029099245431547, 7.670824083900946 ], [ -5.030660464041063, 7.670777665759708 ], [ -5.03138877121485, 7.670771127993337 ], [ -5.03145284132529, 7.670850234966432 ], [ -5.031451533772016, 7.672631122526031 ], [ -5.031451533772016, 7.673231289478935 ], [ -5.031386809884937, 7.67329862847256 ] ] ] ] } },
{ "type": "Feature", "properties": { "feature_ro": "ver 3_added_at_20260630", "site_id": 118.0, "site_code": "g2m-0118", "site_name": "COLLEGE MODERNE DE SOLIGNOUGO", "region": "PORO", "ministere": "MENAET", "localite": "SOLIGNOUGO", "format": "A4-Paysage", "echelle": 800, "equipe": "EQUIPE 4x", "basemap": "default", "echelle_A3": 1000 }, "geometry": { "type": "MultiPolygon", "coordinates": [ [ [ [ -6.065788241170539, 10.133074645867358 ], [ -6.065140022961185, 10.132732343528115 ], [ -6.065449981772312, 10.13216633178606 ], [ -6.066095504687654, 10.132515372360327 ], [ -6.065788241170539, 10.133074645867358 ] ] ] ] } },
{ "type": "Feature", "properties": { "feature_ro": "site_contour", "site_id": 68.0, "site_code": "g2m-0068", "site_name": "Collège Moderne IRDO", "region": "GBEKE", "ministere": "MENAET", "localite": "BOUAKE", "format": "A4-Paysage", "echelle": 1200, "equipe": "EQUIPE 5", "basemap": "default", "echelle_A3": 1000 }, "geometry": { "type": "MultiPolygon", "coordinates": [ [ [ [ -5.023699655079898, 7.688336172940149 ], [ -5.023127937388091, 7.688643305002492 ], [ -5.023121289507954, 7.6886339979703 ], [ -5.02312660781206, 7.687597593456894 ], [ -5.023134585268224, 7.687204038952768 ], [ -5.023078743075068, 7.687201379800713 ], [ -5.023089379683288, 7.686773256319872 ], [ -5.023591959421674, 7.686776580259941 ], [ -5.023734224056611, 7.687808331257249 ], [ -5.023708962112089, 7.688259057530554 ], [ -5.023699655079898, 7.688336172940149 ] ] ] ] } },
{ "type": "Feature", "properties": { "feature_ro": "site_contour", "site_id": 114.0, "site_code": "g2m-0114", "site_name": "Collège Moderne de Kaloa", "region": "PORO", "ministere": "MENAET", "localite": "KALOA", "format": "A4-paysage", "echelle": 1000, "equipe": "EQUIPE 4", "basemap": "default", "echelle_A3": 1000 }, "geometry": { "type": "MultiPolygon", "coordinates": [ [ [ [ -6.044458623344868, 10.002948618989532 ], [ -6.043363410453087, 10.003034729094045 ], [ -6.043266536585509, 10.002109045470526 ], [ -6.044385967944184, 10.002076754181333 ], [ -6.044458623344868, 10.002948618989532 ] ] ] ] } },
{ "type": "Feature", "properties": { "feature_ro": "google_satellite", "site_id": 74.0, "site_code": "g2m-0074", "site_name": "Collège Moderne Bourebo", "region": "GBEKE", "ministere": "MENAET", "localite": "BOUREBO", "format": "A4-Paysage", "echelle": 1200, "equipe": "EQUIPE 5", "basemap": "default", "echelle_A3": 1000 }, "geometry": { "type": "MultiPolygon", "coordinates": [ [ [ [ -5.657977675330335, 7.909436794174817 ], [ -5.657725906273561, 7.909272226379894 ], [ -5.65771344895044, 7.9092092841157 ], [ -5.657526589103615, 7.909095856910436 ], [ -5.657472825919617, 7.909110936827899 ], [ -5.657218762092795, 7.908940468195708 ], [ -5.658130113626432, 7.907530168088623 ], [ -5.658895255525534, 7.908010758501685 ], [ -5.657977675330335, 7.909436794174817 ] ] ] ] } },
{ "type": "Feature", "properties": { "feature_ro": "site_contour", "site_id": 117.0, "site_code": "g2m-0117", "site_name": "Collège Moderne de Poungbe", "region": "PORO", "ministere": "MENAET", "localite": "POUNGBE", "format": "A4-Paysage", "echelle": 2000, "equipe": "EQUIPE 4", "basemap": "default", "echelle_A3": 1000 }, "geometry": { "type": "MultiPolygon", "coordinates": [ [ [ [ -5.786603155130873, 9.902592621880833 ], [ -5.786501926262092, 9.9025890699907 ], [ -5.786314564057595, 9.902579302292835 ], [ -5.785546467816411, 9.902534015693645 ], [ -5.784848521405347, 9.90250204868245 ], [ -5.784463141325955, 9.902482513286721 ], [ -5.784084865026829, 9.902464753836059 ], [ -5.783413557791756, 9.902436338714997 ], [ -5.783203996273929, 9.900916129738222 ], [ -5.783097439569951, 9.900156025249839 ], [ -5.783079680119288, 9.899818595687238 ], [ -5.7831897887134, 9.899694279532595 ], [ -5.783637326870113, 9.899658760631269 ], [ -5.784368040112674, 9.899570800286728 ], [ -5.784869744593907, 9.899548600973398 ], [ -5.785351025706877, 9.899541497193136 ], [ -5.785921104073163, 9.899678244963241 ], [ -5.786226654776809, 9.899749333829647 ], [ -5.786984983320129, 9.899900289160284 ], [ -5.786603155130873, 9.902592621880833 ] ] ] ] } },
{ "type": "Feature", "properties": { "feature_ro": "site_contour", "site_id": 85.0, "site_code": "g2m-0085", "site_name": "COLLEGE MODERNE DE OUATTARADOUGOU", "region": "PORO", "ministere": "MENAET", "localite": "OUATTARADOUGOU", "format": "A4-Paysage", "echelle": 1500, "equipe": "EQUIPE X", "basemap": "default", "echelle_A3": 1000 }, "geometry": { "type": "MultiPolygon", "coordinates": [ [ [ [ -5.8217577846803, 8.664491127492635 ], [ -5.821684334008471, 8.6646102366902 ], [ -5.821569195117495, 8.664769048953614 ], [ -5.821128491086516, 8.665380476167766 ], [ -5.820878361771636, 8.665948230009477 ], [ -5.820747341654318, 8.666118953192649 ], [ -5.820386043755048, 8.665491644752157 ], [ -5.820179587812607, 8.665364594941424 ], [ -5.819865933592361, 8.665277248196546 ], [ -5.819985042789923, 8.664514949332149 ], [ -5.820407880441267, 8.663913447884461 ], [ -5.820570663011268, 8.663572001518116 ], [ -5.82066793552261, 8.663639496730069 ], [ -5.821045114648222, 8.663841982365923 ], [ -5.8216763933953, 8.664175488119097 ], [ -5.821853072038349, 8.664256879404098 ], [ -5.8217577846803, 8.664491127492635 ] ] ] ] } },
{ "type": "Feature", "properties": { "feature_ro": "site_contour", "site_id": 83.0, "site_code": "g2m-0083", "site_name": "Hôpital Général de Sakassou", "region": "GBEKE", "ministere": "MSHPCMU", "localite": "SAKASSOU", "format": "A4-Paysage", "echelle": 1500, "equipe": "EQUIPE X", "basemap": "default", "echelle_A3": 1000 }, "geometry": { "type": "MultiPolygon", "coordinates": [ [ [ [ -5.291085746668172, 7.447297174102664 ], [ -5.289552407877076, 7.447231256475511 ], [ -5.289538621183816, 7.446878834129032 ], [ -5.289469687717513, 7.445510504822902 ], [ -5.289486490249922, 7.445111983220832 ], [ -5.29142352065306, 7.445566944098437 ], [ -5.29153898420912, 7.446899083334759 ], [ -5.29105817328165, 7.446935273404568 ], [ -5.291085746668172, 7.447297174102664 ] ] ] ] } },
{ "type": "Feature", "properties": { "feature_ro": "site_contour", "site_id": 6.0, "site_code": "g2m-0006", "site_name": "EMPT DE BINGERVILLE", "region": "DISTRICT D'ABIDJAN", "ministere": "MENAET", "localite": "BINGERVILLE", "format": "A4-paysage", "echelle": 3200, "equipe": "EQUIPE 1", "basemap": "default", "echelle_A3": 1500 }, "geometry": { "type": "MultiPolygon", "coordinates": [ [ [ [ -3.891516, 5.358551 ], [ -3.89214415343, 5.358576707440004 ], [ -3.89213488109, 5.358710126110004 ], [ -3.89231157068, 5.359145926090004 ], [ -3.89240738486, 5.359412763430004 ], [ -3.89259592244, 5.359930984210004 ], [ -3.89264228414, 5.359926348040004 ], [ -3.89264898083, 5.359961892010004 ], [ -3.89270616026, 5.360029374040003 ], [ -3.892751491699999, 5.360070069310003 ], [ -3.892794762619999, 5.360120036920003 ], [ -3.892958573959999, 5.360316301450003 ], [ -3.893190382459999, 5.360613016330002 ], [ -3.893261470399999, 5.360699558170001 ], [ -3.893301650539999, 5.360791251310001 ], [ -3.89355921554, 5.360893247050003 ], [ -3.893800296379999, 5.361130206850002 ], [ -3.893717, 5.361817 ], [ -3.893864, 5.36198 ], [ -3.89263352693, 5.363476624 ], [ -3.891577510430002, 5.363209786660001 ], [ -3.891604297190002, 5.363028460900001 ], [ -3.891153043310002, 5.362993432060001 ], [ -3.890751241910003, 5.362960463740001 ], [ -3.890793997700003, 5.362466454070001 ], [ -3.890815633160003, 5.362219191670001 ], [ -3.890852722520002, 5.361592793590003 ], [ -3.890871267200003, 5.361308441830003 ], [ -3.890871, 5.360724 ], [ -3.890479768400004, 5.360607865030004 ], [ -3.890555, 5.359549 ], [ -3.891516, 5.358551 ] ] ] ] } },
{ "type": "Feature", "properties": { "feature_ro": "ver 1_added_at_20260626", "site_id": 102.0, "site_code": "g2m-0102", "site_name": "COLLEGE MODERNE DE NGANON", "region": "PORO", "ministere": "MENAET", "localite": "NGANON", "format": "A4-paysage", "echelle": 1800, "equipe": "EQUIPE X", "basemap": "default", "echelle_A3": 1000 }, "geometry": { "type": "MultiPolygon", "coordinates": [ [ [ [ -6.000117835509927, 9.672669142830308 ], [ -5.999410342505246, 9.67252576830095 ], [ -5.999372823936815, 9.672472170346051 ], [ -5.99921470996986, 9.67244001157311 ], [ -5.999158432117214, 9.672465470601688 ], [ -5.99846232867795, 9.67231271643023 ], [ -5.998821434975784, 9.670673958959142 ], [ -6.000485651475439, 9.671039765001337 ], [ -6.000117835509927, 9.672669142830308 ] ] ] ] } },
{ "type": "Feature", "properties": { "feature_ro": "ver 1_added_at_20260626", "site_id": 103.0, "site_code": "g2m-0103", "site_name": "COLLEGE MODERNE DE NIOFOIN", "region": "PORO", "ministere": "MENAET", "localite": "NIOFOIN", "format": "A4-paysage", "echelle": 1800, "equipe": "EQUIPE X", "basemap": "default", "echelle_A3": 1000 }, "geometry": { "type": "MultiPolygon", "coordinates": [ [ [ [ -6.071067395157766, 9.60239010311893 ], [ -6.07066576044903, 9.601940272245146 ], [ -6.070076696209548, 9.601262848369741 ], [ -6.071313731112459, 9.600365864186895 ], [ -6.072304430060679, 9.60167519333738 ], [ -6.071736786338995, 9.60195901519822 ], [ -6.071067395157766, 9.60239010311893 ] ] ] ] } },
{ "type": "Feature", "properties": { "feature_ro": "site_contour", "site_id": 169.0, "site_code": "g2m-0173b", "site_name": "Centre Hospitalier Régional de Katiola", "region": "HAMBOL", "ministere": "MSHPCMU", "localite": "KATIOLA", "format": "A4-Paysage", "echelle": 2000, "equipe": "EQUIPE 3", "basemap": "default", "echelle_A3": 1500 }, "geometry": { "type": "MultiPolygon", "coordinates": [ [ [ [ -5.080222633366378, 8.133758319091642 ], [ -5.07838298538446, 8.132556172885636 ], [ -5.078374578767634, 8.132458095689342 ], [ -5.078859360337889, 8.131729522231156 ], [ -5.079439416898829, 8.130849629670118 ], [ -5.079545900711949, 8.130914080399112 ], [ -5.079585131590466, 8.130911278193503 ], [ -5.079918594057867, 8.131132652436568 ], [ -5.080734035889914, 8.131653862679732 ], [ -5.080821604815177, 8.134063058951556 ], [ -5.080710917693645, 8.134066561708567 ], [ -5.080222633366378, 8.133758319091642 ] ] ] ] } }
]
}
